iso,country,sp_r,sp_o,sp_d,fi_r,fi_o,fi_d,mo_r,mo_o,mo_d,db_r,db_o,db_d,sc_r,sc_o,sc_d,jc_r,jc_o,jc_d,cc_r,cc_o,cc_d,ce_r,ce_o,ce_d
ABW,Aruba,BBB+,Stable,2025-03-24,BBB,Positive,2026-03-03,,,,,,,,,,,,,,,,,,
ALB,Albania,BB,Stable,2025-03-21,,,,B1,Stable,2024-10-19,,,,,,,,,,,,,,,
AND,Andorra,A-,Stable,2024-05-10,A-,Stable,2025-04-04,,,,,,,,,,,,,,,,,,
AGO,Angola,B-,Stable,2022-02-04,B-,Stable,2025-11-14,B3,Positive,2023-10-24,,,,,,,,,,,,,,,
ARG,Argentina,B-,Stable,2026-06-10,B-,Stable,2026-05-05,B3,Positive,2026-07-21,B(low),Stable,2025-11-21,,,,,,,CCC,Stable,2024-10-03,,,
ARM,Armenia,BB-,Stable,2023-08-25,BB-,Positive,2026-01-16,Ba3,Stable,2023-06-22,,,,,,,,,,,,,,,
AUS,Australia,AAA,Stable,2003-02-16,AAA,Stable,2025-10-27,Aaa,Stable,2022-06-28,AAA,Stable,2023-01-20,,,,AAA,Stable,2023-04-26,,,,AA+,Stable,2024-10-03
AUT,Austria,AA+,Stable,2012-01-13,AA,Stable,2025-12-05,Aa1,Stable,2023-02-24,AAA,Stable,2023-07-14,AA+,Negative,2025-09-12,,,,AAg,Stable,2023-12-29,,,
AZE,Azerbaijan,BB+,Positive,2016-01-29,BBB-,Stable,2025-06-13,Ba1,Stable,2022-08-05,,,,,,,,,,,,,,,
BHS,Bahamas,BB-,Stable,2025-09-26,BB-,Stable,2025-04-09,B1,Stable,2022-10-06,,,,,,,,,,,,,,,
BHR,Bahrain,B,Stable,2025-11-21,B,Stable,2026-02-23,B2,Stable,2022-04-22,,,,,,,,,,,,,,,
BGD,Bangladesh,B+,Stable,2024-07-30,B+,Stable,2025-05-22,B1,Stable,2023-05-30,,,,,,,,,,BB-g,Stable,2023-12-29,CCC+,Stable,2024-10-03
BRB,Barbados,B+,Stable,2025-10-24,B+,Positive,2025-10-09,B3,Stable,2023-08-03,,,,,,,,,,,,,,,
BLR,Belarus,,,,WD,Withdrawn,2023-10-06,C,Stable,2023-06-02,,,,,,,,,,,,,,,
BEL,Belgium,AA,Negative,2025-04-25,A+,Stable,2025-06-13,Aa3,Stable,2023-04-28,AA,Stable,2023-08-04,A+,Stable,2025-11-14,AAA,Stable,2023-06-02,A+g,Stable,2023-12-29,,,
BLZ,Belize,B-,Stable,2021-11-09,,,,Caa2,Stable,2022-11-16,,,,,,,,,,,,,,,
BEN,Benin,BB-,Stable,2024-04-19,B+,Positive,2026-01-16,B1,Stable,2023-09-18,,,,,,,,,,,,,,,
BMU,Bermuda,A+,Stable,2015-04-28,,,,A2,Stable,2022-06-21,,,,,,,,,,,,,,,
BOL,Bolivia,CCC+,Stable,2026-03-23,CCC,,2026-01-16,Caa1,Negative,2023-06-30,,,,,,,,,,,,,,,
BIH,Bosnia and Herzegovina,B+,Stable,2023-08-04,,,,B3,Stable,2022-07-22,,,,,,,,,,,,,,,
BWA,Botswana,BBB,Negative,2025-09-12,,,,A3,Stable,2023-10-27,,,,,,,,,,,,,BBB+,Stable,2024-10-03
BRA,Brazil,BB,Stable,2023-12-19,BB,Stable,2025-06-25,Ba1,Positive,2024-10-07,BB,Stable,2023-07-28,,,,BBB-,Stable,2023-12-20,,,,BB+,Stable,2024-10-03
BGR,Bulgaria,BBB+,Stable,2025-07-10,BBB+,Stable,2025-07-10,Baa1,Stable,2023-02-03,BBB(high),Stable,2025-05-02,A-,Stable,2025-07-11,,,,,,,,,
BFA,Burkina Faso,CCC+,Stable,2022-01-26,,,,,,,,,,,,,,,,,,,,,
CPV,Cabo Verde,B,Positive,2024-08-16,B,Stable,2025-05-13,,,,,,,,,,,,,,,,,,
KHM,Cambodia,,,,,,,B2,Negative,2022-11-15,,,,,,,,,,Bg,Stable,2023-12-29,,,
CMR,Cameroon,B-,Stable,2024-03-22,B,Negative,2025-11-07,Caa1,Stable,2023-07-27,,,,,,,,,,,,,,,
CAN,Canada,AAA,Stable,2002-07-29,AA+,Stable,2025-07-18,Aaa,Stable,2022-11-03,AAA,Stable,2023-09-08,,,,AAA,Stable,2023-12-20,AA+g,Stable,2023-09-13,AA+,Stable,2024-10-03
CYM,Cayman Islands,,,,,,,Aa3,Stable,2023-06-08,,,,,,,,,,,,,,,
TCD,Chad,B-,Stable,2024-10-28,,,,,,,,,,,,,,,,,,,,,
CHL,Chile,A,Stable,2021-03-24,A-,Stable,2025-09-26,A2,Stable,2022-09-15,,,,,,,AA-,Stable,2023-04-04,,,,A-,Stable,2024-10-03
CHN,China,A+,Stable,2017-09-21,A,Stable,2025-04-03,A1,Stable,2026-04-27,A,Stable,2023-11-09,A,Stable,2024-07-26,AA-,Stable,2023-11-02,AA+g,Stable,2023-12-29,A,Stable,2024-10-03
COL,Colombia,BB,Negative,2025-06-26,BB,Stable,2025-12-16,Baa2,Stable,2023-06-08,BBB(low),Stable,2023-06-26,,,,,,,,,,BB+,Stable,2024-10-03
COK,Cook Islands,B+,Positive,2020-11-11,,,,,,,,,,,,,,,,,,,,,
CRI,Costa Rica,BB,Stable,2025-10-22,BB,Positive,2025-12-17,Ba3,Positive,2024-09-18,,,,,,,,,,,,,,,
CIV,Cote d'Ivoire,BB,Stable,2024-10-18,BB,Stable,2025-12-12,Ba3,Positive,2022-06-27,,,,,,,,,,,,,,,
HRV,Croatia,A,Stable,2026-03-14,A-,Stable,2026-03-06,A3,Stable,2024-11-07,A,Stable,2025-04-25,A-,Positive,2025-09-26,,,,,,,,,
CUW,Curacao,BBB-,Stable,2022-02-22,,,,,,,,,,,,,,,,,,,,,
CYP,Cyprus,A-,Positive,2026-03-20,A-,Positive,2025-11-21,A3,Stable,2024-11-22,A(low),Positive,2025-03-21,A-,Positive,2025-10-10,,,,,,,,,
CZE,Czech Republic,AA-,Stable,2025-03-28,AA-,Stable,2026-02-06,Aa3,Stable,2023-11-24,,,,AA-,Stable,2025-09-19,AA-,Stable,2023-06-30,,,,,,
DNK,Denmark,AAA,Stable,2026-02-06,AAA,Stable,2025-10-03,Aaa,Stable,2022-02-11,AAA,Stable,2023-11-17,AAA,Stable,2025-08-01,AAA,Stable,2023-12-15,,,,,,
DOM,Dominican Republic,BB,Stable,2022-12-19,BB-,Positive,2025-11-07,Ba3,Positive,2023-08-10,,,,,,,,,,,,,,,
ECU,Ecuador,B-,Stable,2020-09-01,B-,Stable,2026-02-25,Caa3,Stable,2023-02-27,,,,,,,,,,,,,B-,Stable,2024-10-03
EGY,Egypt,B,Stable,2025-10-10,B,Stable,2025-10-10,Caa1,Negative,2024-01-18,,,,,,,AA,Stable,2024-07-08,BB-g,Stable,2023-11-15,B-,Stable,2024-10-03
SLV,El Salvador,B-,Stable,2023-11-07,B-,Stable,2025-04-30,B3,Stable,2024-11-26,,,,,,,,,,,,,,,
EST,Estonia,A+,Stable,2024-05-31,A+,Stable,2025-06-06,A1,Stable,2022-04-29,AA(low),Stable,2023-07-21,A+,Stable,2025-09-05,,,,A+g,Stable,2023-12-29,,,
SWZ,Eswatini,,,,,,,B3,Positive,2023-12-01,,,,,,,,,,,,,,,
ETH,Ethiopia,SD,,2023-12-15,RD,,2025-10-17,Caa3,Stable,2023-09-15,,,,,,,,,,,,,D,Stable,2024-10-03
FJI,Fiji,B+,Stable,2021-09-22,,,,B1,Stable,2022-10-07,,,,,,,,,,,,,,,
FIN,Finland,AA+,Stable,2014-10-10,AA,Stable,2025-07-25,Aa1,Stable,2022-07-29,AA(high),Stable,2023-09-22,AA+,Negative,2025-08-01,AAA,Stable,2023-02-22,,,,,,
FRA,France,A+,Stable,2025-10-17,A+,Stable,2026-03-06,Aa3,Stable,2024-12-14,AA(high),Stable,2023-09-22,AA-,Negative,2025-09-26,AAA,Stable,2022-10-06,AAg,Stable,2023-11-16,AA-,Negative,2024-12-05
GAB,Gabon,,,,CCC-,,2025-12-19,Caa1,Negative,2023-09-12,,,,,,,,,,,,,,,
GEO,Georgia,BB,Stable,2019-10-11,BB,Stable,2025-11-21,Ba2,Negative,2022-04-28,,,,BB,Negative,2025-01-10,,,,,,,,,
DEU,Germany,AAA,Stable,1983-08-17,AAA,Stable,2025-07-11,Aaa,Stable,2023-02-10,AAA,Stable,2023-12-01,AAA,Stable,2025-09-12,AAA,Stable,2023-08-03,,,,AAA,Stable,2024-12-30
GHA,Ghana,B-,Stable,2025-11-07,B-,Stable,2025-06-16,Caa3,Stable,2023-06-09,,,,,,,,,,,,,,,
GRC,Greece,BBB,Stable,2025-04-18,BBB,Stable,2025-11-14,Baa3,Stable,2025-03-14,BBB,Stable,2025-03-07,BBB,Positive,2025-11-07,,,,,,,BB+,Stable,2025-02-03
GTM,Guatemala,BB+,Stable,2025-05-23,BB+,Stable,2025-10-14,Ba1,Stable,2022-06-15,,,,,,,,,,,,,,,
GIN,Guinea,B+,Stable,2025-09-18,,,,,,,,,,,,,,,,,,,,,
HND,Honduras,BB-,Negative,2017-07-19,,,,B1,Stable,2023-10-03,,,,,,,,,,,,,,,
HKG,Hong Kong,AA+,Stable,2017-09-22,AA-,Stable,2025-05-23,Aa3,Negative,2023-12-06,,,,,,,AA+,Stable,2023-04-27,,,,,,
HUN,Hungary,BBB-,Negative,2025-04-11,BBB,Negative,2025-12-05,Ba1,Negative,2025-12-30,,,,BBB,Stable,2025-10-10,A-,Stable,2022-02-18,,,,,,
ISL,Iceland,A+,Positive,2026-03-06,WD,Withdrawn,2026-02-06,A1,Stable,2024-09-19,,,,,,,,,,,,,,,
IND,India,BBB,Stable,2025-08-14,BBB-,Stable,2025-08-25,Baa3,Stable,2023-08-18,BBB,Stable,2025-05-10,,,,BBB+,Stable,2023-12-27,,,,BBB+,Stable,2025-02-07
IDN,Indonesia,BBB,Stable,2019-05-31,BBB,Negative,2026-03-04,Baa2,Negative,2026-02-05,,,,,,,,,,,,,BBB,Stable,2024-10-03
IRQ,Iraq,B-,Stable,2015-09-03,B-,Stable,2025-11-24,Caa1,Stable,2023-11-24,,,,,,,,,,,,,,,
IRL,Ireland,AA+,Stable,2026-03-20,AA,Stable,2025-11-07,Aa3,Stable,2023-04-21,AA(low),Stable,2023-11-03,AA,Stable,2025-07-25,,,,A+g,Stable,2023-12-29,,,
IMN,Isle of Man,,,,,,,Aa3,Stable,2023-10-27,,,,,,,,,,,,,,,
ISR,Israel,A,Stable,2024-10-01,A,Negative,2025-03-31,Baa1,Negative,2024-09-27,,,,,,,,,,A+g,Stable,2023-10-26,,,
ITA,Italy,BBB+,Stable,2025-04-11,BBB+,Stable,2025-09-19,Baa2,Stable,2025-11-21,A(low),Stable,2025-10-17,BBB+,Positive,2025-10-31,A,Stable,2022-12-16,BBBg,Stable,2023-12-29,BBB,Stable,2024-10-03
JAM,Jamaica,BB,Stable,2025-09-25,BB-,Stable,2026-02-05,B1,Positive,2023-10-18,,,,,,,,,,,,,,,
JPN,Japan,A+,Stable,2015-09-16,A,Stable,2026-01-19,A1,Stable,2023-11-08,A(high),Stable,2023-11-19,A,Stable,2025-02-28,AAA,Stable,2023-12-27,,,,AA-,Stable,2025-02-05
JEY,Jersey,AA-,Stable,2021-01-16,,,,,,,,,,,,,,,,,,,,,
JOR,Jordan,BB-,Stable,2024-09-06,BB-,Stable,2025-05-07,B1,Positive,2022-11-17,,,,,,,,,,,,,,,
KAZ,Kazakhstan,BBB,Positive,2026-08-21,BBB,Stable,2025-07-15,Baa1,Positive,2024-09-09,,,,,,,,,,,,,,,
KEN,Kenya,B,Stable,2025-08-22,B-,Stable,2026-01-23,B3,Negative,2023-07-28,,,,,,,,,,,,,,,
KWT,Kuwait,AA-,Stable,2025-11-21,AA-,Stable,2025-09-05,A1,Stable,2022-05-26,,,,,,,,,,,,,,,
KGZ,Kyrgyzstan,B+,Stable,2025-03-28,B,Stable,2025-04-24,B3,Negative,2022-10-17,,,,,,,,,,,,,,,
LAO,Laos,CCC+,Positive,2025-10-23,CCC+,,2025-10-21,,,,,,,,,,,,,,,,,,
LVA,Latvia,A,Stable,2024-05-31,A-,Stable,2025-11-07,A3,Stable,2022-04-29,A,Stable,2023-09-15,A-,Stable,2025-09-05,,,,,,,,,
LBN,Lebanon,SD,,2020-03-11,WD,Withdrawn,2023-07-23,C,Stable,2023-12-13,,,,,,,,,,,,,,,
LSO,Lesotho,,,,B,Stable,2025-06-09,,,,,,,,,,,,,,,,,,
LIE,Liechtenstein,AAA,Stable,1996-12-02,,,,,,,,,,,,,,,,,,,,,
LTU,Lithuania,A,Stable,2024-05-31,A,Stable,2025-10-24,A2,Stable,2022-04-29,A(high),Stable,2023-11-17,A+,Stable,2025-09-05,,,,,,,,,
LUX,Luxembourg,AAA,Stable,1994-04-28,AAA,Stable,2025-10-31,Aaa,Stable,2023-03-17,AAA,Stable,2023-11-10,AAA,Stable,2025-04-25,,,,,,,,,
MAC,Macao,,,,AA,Stable,2026-02-11,Aa3,Negative,2022-12-06,,,,,,,,,,,,,,,
MDG,Madagascar,B-,Negative,2022-04-11,,,,,,,,,,,,,,,,,,,,,
MYS,Malaysia,A-,Stable,2025-09-19,BBB+,Stable,2025-12-08,A3,Stable,2023-04-14,,,,,,,A+,Stable,2022-09-12,,,,A-,Stable,2024-11-29
MDV,Maldives,,,,CC,,2025-06-12,Caa2,Stable,2024-09-11,,,,,,,,,,,,,,,
MLT,Malta,A-,Stable,2016-10-14,A+,Stable,2025-09-05,A2,Stable,2022-11-18,A(high),Stable,2023-10-13,A+,Stable,2025-07-04,,,,,,,,,
MUS,Mauritius,BBB-,Stable,2023-07-21,,,,Baa3,Stable,2022-07-28,,,,,,,,,,,,,BBB,Stable,2025-01-31
MEX,Mexico,BBB,Stable,2020-03-26,BBB-,Stable,2025-04-16,Baa2,Stable,2022-07-08,BBB,Stable,2023-05-08,,,,A-,Stable,2023-08-18,BBBg,Stable,2023-12-29,BBB-,Stable,2024-10-03
MNG,Mongolia,BB-,Stable,2025-10-30,B+,Stable,2025-09-01,B3,Stable,2023-02-14,,,,,,,,,,B+g,Stable,2023-12-29,,,
MNE,Montenegro,B+,Stable,2024-08-30,B+,Stable,2024-08-30,Ba3,Stable,2024-09-27,,,,,,,,,,,,,,,
MSR,Montserrat,BBB-,Stable,2011-09-02,,,,,,,,,,,,,,,,,,,,,
MAR,Morocco,BBB-,Stable,2025-09-26,BB+,Stable,2025-09-29,Ba1,Positive,2026-03-06,,,,,,,,,,,,,BBB-,Stable,2024-10-03
MOZ,Mozambique,CCC+,Negative,2019-11-22,CCC,,2025-01-30,Caa2,Stable,2023-09-22,,,,,,,,,,,,,,,
NAM,Namibia,BB-,Stable,2025-11-21,BB-,Stable,2025-11-21,B1,Stable,2022-04-05,,,,,,,,,,,,,,,
NPL,Nepal,,,,BB-,Stable,2024-11-21,,,,,,,,,,,,,,,,,,
NLD,Netherlands,AAA,Stable,2015-11-20,AAA,Stable,2026-01-16,Aaa,Stable,2023-01-27,AAA,Stable,2023-09-15,AAA,Stable,2025-09-12,,,,AA+g,Stable,2023-12-29,AAA,Stable,2024-10-03
NZL,New Zealand,AA+,Stable,2021-02-21,AA+,Stable,2025-08-17,Aaa,Stable,2022-04-21,,,,,,,,,,,,,,,
NIC,Nicaragua,B+,Stable,2024-10-23,B,Stable,2025-05-23,B3,Stable,2022-03-30,,,,,,,,,,,,,,,
NGA,Nigeria,B-,Positive,2020-03-26,B,Stable,2025-10-10,Caa1,Positive,2023-12-08,,,,,,,,,,,,,B,Stable,2024-10-03
MKD,North Macedonia,BB-,Stable,2013-05-24,BB+,Stable,2025-09-19,,,,,,,,,,,,,,,,,,
NOR,Norway,AAA,Stable,1975-07-09,AAA,Stable,2025-06-13,Aaa,Stable,2022-05-06,AAA,Stable,2023-09-29,AAA,Stable,2025-08-01,AAA,Stable,2023-09-07,,,,,,
OMN,Oman,BBB-,Stable,2024-09-27,BBB-,Stable,2025-12-08,Baa3,Stable,2023-12-07,,,,,,,,,,,,,,,
PAK,Pakistan,B-,Stable,2025-07-24,B-,Stable,2025-04-15,Caa1,Positive,2025-08-13,,,,,,,,,,CCCg,Stable,2023-09-13,,,
PAN,Panama,BBB-,Stable,2024-11-26,BB+,Stable,2024-03-28,Baa3,Stable,2023-10-31,,,,,,,,,,,,,,,
PNG,Papua New Guinea,B-,Stable,2020-04-29,,,,B2,Stable,2022-11-10,,,,,,,,,,,,,,,
PRY,Paraguay,BBB-,Stable,2025-12-17,BB+,Positive,2025-10-06,Baa3,Stable,2024-07-26,,,,,,,,,,,,,,,
PER,Peru,BBB-,Stable,2024-04-25,BBB,Stable,2022-10-20,Baa1,Negative,2023-01-31,,,,,,,A-,Stable,2023-04-27,,,,BBB-,Stable,2024-10-03
PHL,Philippines,BBB+,Positive,2019-04-30,BBB,Stable,2023-05-22,Baa2,Stable,2022-09-15,,,,,,,,,,,,,BBB+,Stable,2024-10-03
POL,Poland,A-,Stable,2018-10-12,A-,Negative,2025-09-05,A2,Stable,2022-04-29,A,Stable,2023-11-10,A,Stable,2025-06-13,A,Stable,2023-11-16,,,,,,
PRT,Portugal,A+,Stable,2025-08-29,A,Stable,2025-09-12,A3,Stable,2023-11-17,A,Stable,2023-07-21,A,Positive,2025-10-31,A,Stable,2023-01-13,,,,A+,Stable,2025-02-05
QAT,Qatar,AA,Stable,2022-11-04,AA,Stable,2024-03-20,Aa3,Positive,2022-11-02,,,,,,,,,,,,,,,
ROU,Romania,BBB-,Negative,2014-05-16,BBB-,Negative,2024-12-17,Baa3,Stable,2023-11-03,,,,BBB-,Stable,2025-11-21,BBB,Stable,2023-11-27,BBBg,Stable,2023-12-29,,,
RUS,Russia,,,,WD,Withdrawn,2022-03-25,Ca,Withdrawn,2022-03-06,,,,,,,,,,,,,,,
RWA,Rwanda,B+,Stable,2019-08-09,B+,Negative,2025-04-04,B2,Stable,2023-09-08,,,,,,,,,,,,,,,
SMR,San Marino,BBB+,Stable,2025-08-01,BBB-,Positive,2025-12-12,,,,BBB(low),Stable,2023-12-01,,,,,,,,,,,,
SAU,Saudi Arabia,A+,Stable,2025-03-14,A+,Stable,2023-04-05,Aa3,Stable,2024-11-22,,,,,,,,,,AAg,Stable,2023-09-13,,,
SEN,Senegal,CCC+,,2025-11-14,,,,Ba3,Stable,2022-03-18,,,,,,,,,,,,,,,
SRB,Serbia,BBB-,Stable,2024-10-04,BB+,Positive,2024-08-09,Ba2,Stable,2023-09-08,,,,BB+,Stable,2025-06-27,,,,,,,,,
SYC,Seychelles,,,,BB,Stable,2025-09-05,,,,,,,,,,,,,,,,,,
SGP,Singapore,AAA,Stable,1995-03-06,AAA,Stable,2023-07-20,Aaa,Stable,2022-05-17,AAA,Stable,2023-08-24,,,,AAA,Stable,2023-12-22,AAAg,Stable,2023-11-06,AAA,Stable,2024-11-29
SVK,Slovakia,A,Negative,2026-04-24,A-,Stable,2024-12-06,A3,Stable,2024-12-13,,,,A,Negative,2025-06-27,A+,Negative,2022-10-06,,,,,,
SVN,Slovenia,AA,Stable,2025-06-06,A+,Stable,2025-10-03,A2,Stable,2026-02-27,A(high),Stable,2023-12-08,A+,Stable,2025-05-16,AA-,Stable,2022-09-21,Ag,Stable,2023-12-29,,,
ZAF,South Africa,BB,Positive,2025-11-14,BB-,Stable,2021-12-15,Ba2,Stable,2022-04-01,,,,BB,Stable,2025-08-01,,,,,,,BB,Stable,2024-10-03
KOR,South Korea,AA,Stable,2016-08-08,AA-,Stable,2012-09-06,Aa2,Stable,2022-04-21,,,,,,,AA,Stable,2022-09-30,AA+g,Stable,2023-09-13,AA-,Stable,2024-12-12
ESP,Spain,A+,Stable,2025-09-12,A,Stable,2025-09-26,A3,Positive,2025-09-27,A,Stable,2023-12-01,A,Positive,2025-11-21,AA,Stable,2023-04-24,BBBg,Stable,2023-09-13,A,Stable,2024-10-03
LKA,Sri Lanka,CCC+,Stable,2025-09-19,CCC+,Positive,2024-12-20,Caa1,Positive,2024-12-23,,,,,,,,,,,,,,,
SUR,Suriname,CCC+,Stable,2023-12-06,WD,Withdrawn,2022-01-25,Caa3,Stable,2023-02-17,,,,,,,,,,,,,,,
SWE,Sweden,AAA,Stable,2004-02-16,AAA,Stable,2023-10-27,Aaa,Stable,2022-03-25,AAA,Stable,2023-08-04,AAA,Stable,2025-07-25,,,,,,,AAA,Stable,2024-12-30
CHE,Switzerland,AAA,Stable,1988-10-01,AAA,Stable,2023-11-03,Aaa,Stable,2023-02-17,AAA,Stable,2023-07-21,AAA,Stable,2024-10-04,,,,AAAg,Stable,2023-12-29,,,
TWN,Taiwan,AA+,Stable,2022-04-29,AA,Stable,2021-09-10,Aa3,Stable,2022-09-22,,,,,,,,,,,,,,,
TJK,Tajikistan,B,Stable,2024-08-16,,,,B3,Stable,2023-10-12,,,,,,,,,,,,,,,
THA,Thailand,BBB+,Stable,2004-08-26,BBB+,Negative,2025-09-24,Baa1,Stable,2022-04-07,,,,,,,A,Stable,2022-11-11,A-g,Stable,2023-12-29,A-,Stable,2025-02-05
TTO,Trinidad and Tobago,BBB-,Negative,2020-03-26,,,,Ba2,Positive,2023-07-10,,,,,,,,,,,,,,,
TUN,Tunisia,,,,B-,,2025-09-12,Caa1,Stable,2025-02-28,,,,,,,,,,,,,,,
TUR,Turkey,BB-,Stable,2024-11-01,BB-,Stable,2024-09-06,B1,Positive,2024-07-19,BB(high),Negative,2017-02-17,BB-,Stable,2025-10-24,BB,Stable,2024-05-10,,,,B+,Stable,2024-10-03
TKM,Turkmenistan,,,,BB-,Stable,2024-08-02,,,,,,,,,,,,,,,,,,
TCA,Turks and Caicos Islands,A-,Stable,2025-02-26,,,,,,,,,,,,,,,,,,,,,
UGA,Uganda,B-,Positive,2023-10-06,B,Stable,2024-08-30,B2,Negative,2022-11-18,,,,,,,,,,,,,,,
UKR,Ukraine,CCC+,Stable,2026-01-22,CCC,,2025-12-22,Ca,Stable,2023-02-10,,,,SD,,2024-08-30,,,,,,,,,
ARE,United Arab Emirates,AA,Stable,2007-07-02,AA-,Stable,2020-11-11,Aa2,Stable,2023-03-21,,,,,,,,,,Ag,Stable,2023-12-29,AA-,Stable,2024-10-03
GBR,United Kingdom,AA,Stable,2016-06-27,AA-,Stable,2024-03-22,Aa3,Stable,2023-10-20,AA,Stable,2023-11-17,AA,Stable,2025-03-28,AAA,Stable,2023-01-25,,,,AA-,Stable,2024-10-03
USA,United States,AA+,Stable,2011-08-05,AA+,Stable,2023-08-01,Aa1,Stable,2025-05-16,AAA,Stable,2023-10-10,AA-,Stable,2025-10-10,AAA,Stable,2023-06-26,AA+g,Stable,2023-05-25,AA+,Stable,2024-10-03
URY,Uruguay,BBB+,Stable,2023-04-26,BBB,Stable,2023-06-07,Baa1,Stable,2024-03-15,BBB,Stable,2023-11-20,,,,A-,Stable,2023-11-22,,,,,,
UZB,Uzbekistan,BB,Stable,2025-11-21,BB,Stable,2025-06-26,Ba3,Stable,2023-01-20,,,,,,,,,,,,,,,
VCT,St. Vincent and the Grenadines,,,,,,,B3,Stable,2022-03-01,,,,,,,,,,,,,,,
VNM,Vietnam,BB+,Stable,2022-05-26,BB+,Stable,2023-12-08,Ba2,Stable,2022-09-06,,,,,,,,,,BBg,Stable,2023-09-13,BB+,Stable,2024-10-03
ZMB,Zambia,CCC+,Stable,2025-11-21,B-,Stable,2025-11-28,Caa3,Stable,2022-10-21,,,,,,,,,,,,,,,
SHN,Saint Helena,BBB-,Stable,2023-03-31,,,,,,,,,,,,,,,,,,,,,
FLK,Falkland Islands,A+,Stable,2021-09-22,,,,,,,,,,,,,,,,,,,,,
GGY,Guernsey,A+,Stable,2023-01-13,,,,,,,,,,,,,,,,,,,,,
