country,indicator,category,date,value,unit,region,source
NGA,Inflation,Economic,2025-12-31,23.0101235833333,%,Sub-Saharan Africa,World Bank
NGA,Inflation,Economic,2024-12-31,33.2416590552749,%,Sub-Saharan Africa,World Bank
NGA,Inflation,Economic,2023-12-31,24.659550203114,%,Sub-Saharan Africa,World Bank
NGA,Inflation,Economic,2022-12-31,18.8471877843274,%,Sub-Saharan Africa,World Bank
NGA,Inflation,Economic,2021-12-31,16.9528457221608,%,Sub-Saharan Africa,World Bank
NGA,Inflation,Economic,2020-12-31,13.2460234276598,%,Sub-Saharan Africa,World Bank
NGA,Inflation,Economic,2019-12-31,11.3964223378115,%,Sub-Saharan Africa,World Bank
NGA,Inflation,Economic,2018-12-31,12.0951065173432,%,Sub-Saharan Africa,World Bank
NGA,Inflation,Economic,2017-12-31,16.5022662139641,%,Sub-Saharan Africa,World Bank
NGA,Inflation,Economic,2016-12-31,15.6968126387972,%,Sub-Saharan Africa,World Bank
NGA,Inflation,Economic,2015-12-31,9.00943498007706,%,Sub-Saharan Africa,World Bank
NGA,Inflation,Economic,2014-12-31,8.04741087967907,%,Sub-Saharan Africa,World Bank
NGA,Inflation,Economic,2013-12-31,8.49551838265678,%,Sub-Saharan Africa,World Bank
NGA,Inflation,Economic,2012-12-31,12.2242413020582,%,Sub-Saharan Africa,World Bank
NGA,Inflation,Economic,2011-12-31,10.8261371880018,%,Sub-Saharan Africa,World Bank
NGA,Inflation,Economic,2010-12-31,13.7400521363694,%,Sub-Saharan Africa,World Bank
NGA,Inflation,Economic,2009-12-31,12.5379242951095,%,Sub-Saharan Africa,World Bank
NGA,Inflation,Economic,2008-12-31,11.583054796681,%,Sub-Saharan Africa,World Bank
NGA,Inflation,Economic,2007-12-31,5.38610421570143,%,Sub-Saharan Africa,World Bank
NGA,Inflation,Economic,2006-12-31,8.22743678120907,%,Sub-Saharan Africa,World Bank
NGA,Inflation,Economic,2005-12-31,17.8634933661605,%,Sub-Saharan Africa,World Bank
NGA,Inflation,Economic,2004-12-31,14.9980338183251,%,Sub-Saharan Africa,World Bank
NGA,Inflation,Economic,2003-12-31,14.0317836131437,%,Sub-Saharan Africa,World Bank
NGA,Inflation,Economic,2002-12-31,12.8765792031099,%,Sub-Saharan Africa,World Bank
NGA,Inflation,Economic,2001-12-31,18.8736462093863,%,Sub-Saharan Africa,World Bank
NGA,Inflation,Economic,2000-12-31,6.9332921556516,%,Sub-Saharan Africa,World Bank
NGA,Interest rate,Economic,2023-12-31,14.010553734975,%,Sub-Saharan Africa,World Bank
NGA,Interest rate,Economic,2022-12-31,12.3345442352326,%,Sub-Saharan Africa,World Bank
NGA,Interest rate,Economic,2021-12-31,11.4831327947137,%,Sub-Saharan Africa,World Bank
NGA,Interest rate,Economic,2020-12-31,13.6420216718796,%,Sub-Saharan Africa,World Bank
NGA,Interest rate,Economic,2019-12-31,15.3765869808333,%,Sub-Saharan Africa,World Bank
NGA,Interest rate,Economic,2018-12-31,16.9038969646886,%,Sub-Saharan Africa,World Bank
NGA,Interest rate,Economic,2017-12-31,17.5533333333333,%,Sub-Saharan Africa,World Bank
NGA,Interest rate,Economic,2016-12-31,16.8680157641191,%,Sub-Saharan Africa,World Bank
NGA,Interest rate,Economic,2015-12-31,16.8491666666667,%,Sub-Saharan Africa,World Bank
NGA,Interest rate,Economic,2014-12-31,16.5483333333333,%,Sub-Saharan Africa,World Bank
NGA,Interest rate,Economic,2013-12-31,16.7225,%,Sub-Saharan Africa,World Bank
NGA,Interest rate,Economic,2012-12-31,16.7916666666667,%,Sub-Saharan Africa,World Bank
NGA,Interest rate,Economic,2011-12-31,16.02,%,Sub-Saharan Africa,World Bank
NGA,Interest rate,Economic,2010-12-31,17.585,%,Sub-Saharan Africa,World Bank
NGA,Interest rate,Economic,2009-12-31,18.9908333333333,%,Sub-Saharan Africa,World Bank
NGA,Interest rate,Economic,2008-12-31,15.1358333333333,%,Sub-Saharan Africa,World Bank
NGA,Interest rate,Economic,2007-12-31,16.9391666666667,%,Sub-Saharan Africa,World Bank
NGA,Interest rate,Economic,2006-12-31,16.8933333333333,%,Sub-Saharan Africa,World Bank
NGA,Interest rate,Economic,2005-12-31,17.9483333333333,%,Sub-Saharan Africa,World Bank
NGA,Interest rate,Economic,2004-12-31,19.1808333333333,%,Sub-Saharan Africa,World Bank
NGA,Interest rate,Economic,2003-12-31,20.7141666666667,%,Sub-Saharan Africa,World Bank
NGA,Interest rate,Economic,2002-12-31,24.7708333333333,%,Sub-Saharan Africa,World Bank
NGA,Interest rate,Economic,2001-12-31,23.4383333333333,%,Sub-Saharan Africa,World Bank
NGA,Interest rate,Economic,2000-12-31,21.2741666666667,%,Sub-Saharan Africa,World Bank
ARG,Inflation,Economic,2024-12-31,219.883929014578,%,Latin America & Caribbean,World Bank
ARG,Inflation,Economic,2023-12-31,133.488935594175,%,Latin America & Caribbean,World Bank
ARG,Inflation,Economic,2022-12-31,72.430757531824,%,Latin America & Caribbean,World Bank
ARG,Inflation,Economic,2021-12-31,48.4093786255199,%,Latin America & Caribbean,World Bank
ARG,Inflation,Economic,2020-12-31,42.0150947376509,%,Latin America & Caribbean,World Bank
ARG,Inflation,Economic,2019-12-31,53.5483043492339,%,Latin America & Caribbean,World Bank
ARG,Inflation,Economic,2018-12-31,34.2772237131003,%,Latin America & Caribbean,World Bank
ARG,Interest rate,Economic,2025-12-31,46.0191666666667,%,Latin America & Caribbean,World Bank
ARG,Interest rate,Economic,2024-12-31,61.7066666666666,%,Latin America & Caribbean,World Bank
ARG,Interest rate,Economic,2023-12-31,95.8941666666667,%,Latin America & Caribbean,World Bank
ARG,Interest rate,Economic,2022-12-31,52.3991666666667,%,Latin America & Caribbean,World Bank
ARG,Interest rate,Economic,2021-12-31,35.5583333333333,%,Latin America & Caribbean,World Bank
ARG,Interest rate,Economic,2020-12-31,29.3875,%,Latin America & Caribbean,World Bank
ARG,Interest rate,Economic,2019-12-31,67.2541666666667,%,Latin America & Caribbean,World Bank
ARG,Interest rate,Economic,2018-12-31,48.5166666666667,%,Latin America & Caribbean,World Bank
ARG,Interest rate,Economic,2017-12-31,26.5808333333333,%,Latin America & Caribbean,World Bank
ARG,Interest rate,Economic,2016-12-31,31.2325,%,Latin America & Caribbean,World Bank
ARG,Interest rate,Economic,2015-12-31,24.9158333333333,%,Latin America & Caribbean,World Bank
ARG,Interest rate,Economic,2014-12-31,24.0091666666667,%,Latin America & Caribbean,World Bank
ARG,Interest rate,Economic,2013-12-31,17.1491666666667,%,Latin America & Caribbean,World Bank
ARG,Interest rate,Economic,2012-12-31,14.0608333333333,%,Latin America & Caribbean,World Bank
ARG,Interest rate,Economic,2011-12-31,14.0875,%,Latin America & Caribbean,World Bank
ARG,Interest rate,Economic,2010-12-31,10.5575,%,Latin America & Caribbean,World Bank
ARG,GDP growth,Economic,2025-12-31,4.36733330217022,%,Latin America & Caribbean,World Bank
ARG,GDP growth,Economic,2024-12-31,-1.34293072157739,%,Latin America & Caribbean,World Bank
ARG,GDP growth,Economic,2023-12-31,-1.85578803046339,%,Latin America & Caribbean,World Bank
ARG,GDP growth,Economic,2022-12-31,6.02074537534855,%,Latin America & Caribbean,World Bank
ARG,GDP growth,Economic,2021-12-31,10.4418119882506,%,Latin America & Caribbean,World Bank
ARG,GDP growth,Economic,2020-12-31,-9.9004848136464,%,Latin America & Caribbean,World Bank
ARG,GDP growth,Economic,2019-12-31,-2.00086100285785,%,Latin America & Caribbean,World Bank
ARG,GDP growth,Economic,2018-12-31,-2.61739646282038,%,Latin America & Caribbean,World Bank
ARG,GDP growth,Economic,2017-12-31,2.81850297775918,%,Latin America & Caribbean,World Bank
ARG,GDP growth,Economic,2016-12-31,-2.08032784377811,%,Latin America & Caribbean,World Bank
ARG,GDP growth,Economic,2015-12-31,2.73115982828944,%,Latin America & Caribbean,World Bank
ARG,GDP growth,Economic,2014-12-31,-2.51261532081394,%,Latin America & Caribbean,World Bank
ARG,GDP growth,Economic,2013-12-31,2.40532378079436,%,Latin America & Caribbean,World Bank
ARG,GDP growth,Economic,2012-12-31,-1.0264204544321,%,Latin America & Caribbean,World Bank
ARG,GDP growth,Economic,2011-12-31,6.00395169280579,%,Latin America & Caribbean,World Bank
ARG,GDP growth,Economic,2010-12-31,10.1253981561002,%,Latin America & Caribbean,World Bank
ARG,GDP growth,Economic,2009-12-31,-5.91852507634947,%,Latin America & Caribbean,World Bank
ARG,GDP growth,Economic,2008-12-31,4.05723310346406,%,Latin America & Caribbean,World Bank
ARG,GDP growth,Economic,2007-12-31,9.00765087504757,%,Latin America & Caribbean,World Bank
ARG,GDP growth,Economic,2006-12-31,8.04715150043027,%,Latin America & Caribbean,World Bank
ARG,GDP growth,Economic,2005-12-31,8.85165992013437,%,Latin America & Caribbean,World Bank
ARG,GDP growth,Economic,2004-12-31,9.02957330068152,%,Latin America & Caribbean,World Bank
ARG,GDP growth,Economic,2003-12-31,8.83704079576924,%,Latin America & Caribbean,World Bank
ARG,GDP growth,Economic,2002-12-31,-10.8944848285903,%,Latin America & Caribbean,World Bank
ARG,GDP growth,Economic,2001-12-31,-4.40883968258557,%,Latin America & Caribbean,World Bank
ARG,GDP growth,Economic,2000-12-31,-0.78899893905691,%,Latin America & Caribbean,World Bank
CHL,Inflation,Economic,2025-12-31,4.21293601694293,%,Latin America & Caribbean,World Bank
CHL,Inflation,Economic,2024-12-31,4.29763891572524,%,Latin America & Caribbean,World Bank
CHL,Inflation,Economic,2023-12-31,7.58168251407962,%,Latin America & Caribbean,World Bank
CHL,Inflation,Economic,2022-12-31,11.643866711056,%,Latin America & Caribbean,World Bank
CHL,Inflation,Economic,2021-12-31,4.52456838259144,%,Latin America & Caribbean,World Bank
CHL,Inflation,Economic,2020-12-31,3.04549084804326,%,Latin America & Caribbean,World Bank
CHL,Inflation,Economic,2019-12-31,2.55754475703327,%,Latin America & Caribbean,World Bank
CHL,Inflation,Economic,2018-12-31,2.43488981353057,%,Latin America & Caribbean,World Bank
CHL,Inflation,Economic,2017-12-31,2.18271846868519,%,Latin America & Caribbean,World Bank
CHL,Inflation,Economic,2016-12-31,3.78619355893118,%,Latin America & Caribbean,World Bank
CHL,Inflation,Economic,2015-12-31,4.34877353217044,%,Latin America & Caribbean,World Bank
CHL,Inflation,Economic,2014-12-31,4.71867527854672,%,Latin America & Caribbean,World Bank
CHL,Inflation,Economic,2013-12-31,1.7895555398459,%,Latin America & Caribbean,World Bank
CHL,Inflation,Economic,2012-12-31,3.00744840213047,%,Latin America & Caribbean,World Bank
CHL,Inflation,Economic,2011-12-31,3.34121694259302,%,Latin America & Caribbean,World Bank
CHL,Inflation,Economic,2010-12-31,1.41071107954321,%,Latin America & Caribbean,World Bank
CHL,Inflation,Economic,2009-12-31,0.353045178360937,%,Latin America & Caribbean,World Bank
CHL,Inflation,Economic,2008-12-31,8.71626873039607,%,Latin America & Caribbean,World Bank
CHL,Inflation,Economic,2007-12-31,4.40779938398044,%,Latin America & Caribbean,World Bank
CHL,Inflation,Economic,2006-12-31,3.39201733699405,%,Latin America & Caribbean,World Bank
CHL,Inflation,Economic,2005-12-31,3.05257621387849,%,Latin America & Caribbean,World Bank
CHL,Inflation,Economic,2004-12-31,1.05473871403517,%,Latin America & Caribbean,World Bank
CHL,Inflation,Economic,2003-12-31,2.8101787574361,%,Latin America & Caribbean,World Bank
CHL,Inflation,Economic,2002-12-31,2.48939816650705,%,Latin America & Caribbean,World Bank
CHL,Inflation,Economic,2001-12-31,3.56910053001467,%,Latin America & Caribbean,World Bank
CHL,Inflation,Economic,2000-12-31,3.84327295706565,%,Latin America & Caribbean,World Bank
CHL,Interest rate,Economic,2018-12-31,4.17801925025561,%,Latin America & Caribbean,World Bank
CHL,Interest rate,Economic,2017-12-31,4.55285507889072,%,Latin America & Caribbean,World Bank
CHL,Interest rate,Economic,2016-12-31,5.58839657725206,%,Latin America & Caribbean,World Bank
CHL,Interest rate,Economic,2015-12-31,5.51492732291402,%,Latin America & Caribbean,World Bank
CHL,Interest rate,Economic,2014-12-31,8.09805824839012,%,Latin America & Caribbean,World Bank
CHL,Interest rate,Economic,2013-12-31,9.26187678192101,%,Latin America & Caribbean,World Bank
CHL,Interest rate,Economic,2012-12-31,10.0572624433615,%,Latin America & Caribbean,World Bank
CHL,Interest rate,Economic,2011-12-31,9.03015252269429,%,Latin America & Caribbean,World Bank
CHL,Interest rate,Economic,2010-12-31,4.75482680518703,%,Latin America & Caribbean,World Bank
CHL,Interest rate,Economic,2009-12-31,7.25063476884463,%,Latin America & Caribbean,World Bank
CHL,Interest rate,Economic,2008-12-31,13.261771366415,%,Latin America & Caribbean,World Bank
CHL,Interest rate,Economic,2007-12-31,8.67125848644778,%,Latin America & Caribbean,World Bank
CHL,Interest rate,Economic,2006-12-31,7.99948207856606,%,Latin America & Caribbean,World Bank
CHL,Interest rate,Economic,2005-12-31,6.67787900981346,%,Latin America & Caribbean,World Bank
CHL,Interest rate,Economic,2004-12-31,5.12700362788107,%,Latin America & Caribbean,World Bank
CHL,Interest rate,Economic,2003-12-31,6.17877873086097,%,Latin America & Caribbean,World Bank
CHL,Interest rate,Economic,2002-12-31,7.75807289652374,%,Latin America & Caribbean,World Bank
CHL,Interest rate,Economic,2001-12-31,11.8910098561076,%,Latin America & Caribbean,World Bank
CHL,Interest rate,Economic,2000-12-31,14.8433912347788,%,Latin America & Caribbean,World Bank
CHL,GDP growth,Economic,2025-12-31,2.45925474781374,%,Latin America & Caribbean,World Bank
CHL,GDP growth,Economic,2024-12-31,2.80512637106611,%,Latin America & Caribbean,World Bank
CHL,GDP growth,Economic,2023-12-31,0.677024831595858,%,Latin America & Caribbean,World Bank
CHL,GDP growth,Economic,2022-12-31,2.06391864254198,%,Latin America & Caribbean,World Bank
CHL,GDP growth,Economic,2021-12-31,11.3374032409913,%,Latin America & Caribbean,World Bank
CHL,GDP growth,Economic,2020-12-31,-6.1396969411886,%,Latin America & Caribbean,World Bank
CHL,GDP growth,Economic,2019-12-31,0.644223402631923,%,Latin America & Caribbean,World Bank
CHL,GDP growth,Economic,2018-12-31,3.99002947789977,%,Latin America & Caribbean,World Bank
CHL,GDP growth,Economic,2017-12-31,1.35769537343957,%,Latin America & Caribbean,World Bank
CHL,GDP growth,Economic,2016-12-31,1.753038749071,%,Latin America & Caribbean,World Bank
CHL,GDP growth,Economic,2015-12-31,2.15194249981184,%,Latin America & Caribbean,World Bank
CHL,GDP growth,Economic,2014-12-31,1.79264947139259,%,Latin America & Caribbean,World Bank
CHL,GDP growth,Economic,2013-12-31,3.30850824710085,%,Latin America & Caribbean,World Bank
CHL,GDP growth,Economic,2012-12-31,6.15534001855494,%,Latin America & Caribbean,World Bank
CHL,GDP growth,Economic,2011-12-31,6.22389678509138,%,Latin America & Caribbean,World Bank
CHL,GDP growth,Economic,2010-12-31,5.85165102224047,%,Latin America & Caribbean,World Bank
CHL,GDP growth,Economic,2009-12-31,-1.11803723642878,%,Latin America & Caribbean,World Bank
CHL,GDP growth,Economic,2008-12-31,3.78939280635238,%,Latin America & Caribbean,World Bank
CHL,GDP growth,Economic,2007-12-31,5.16823098528431,%,Latin America & Caribbean,World Bank
CHL,GDP growth,Economic,2006-12-31,6.04999082563968,%,Latin America & Caribbean,World Bank
CHL,GDP growth,Economic,2005-12-31,5.83704571917758,%,Latin America & Caribbean,World Bank
CHL,GDP growth,Economic,2004-12-31,6.67425416822923,%,Latin America & Caribbean,World Bank
CHL,GDP growth,Economic,2003-12-31,4.72324526861041,%,Latin America & Caribbean,World Bank
CHL,GDP growth,Economic,2002-12-31,3.20279913520113,%,Latin America & Caribbean,World Bank
CHL,GDP growth,Economic,2001-12-31,3.15403492459967,%,Latin America & Caribbean,World Bank
CHL,GDP growth,Economic,2000-12-31,4.9716214882971,%,Latin America & Caribbean,World Bank
COL,Inflation,Economic,2025-12-31,5.14222911946201,%,Latin America & Caribbean,World Bank
COL,Inflation,Economic,2024-12-31,6.60908593728228,%,Latin America & Caribbean,World Bank
COL,Inflation,Economic,2023-12-31,11.7359044948689,%,Latin America & Caribbean,World Bank
COL,Inflation,Economic,2022-12-31,10.1772313546166,%,Latin America & Caribbean,World Bank
COL,Inflation,Economic,2021-12-31,3.49505757399448,%,Latin America & Caribbean,World Bank
COL,Inflation,Economic,2020-12-31,2.52663500084706,%,Latin America & Caribbean,World Bank
COL,Inflation,Economic,2019-12-31,3.52301932741447,%,Latin America & Caribbean,World Bank
COL,Inflation,Economic,2018-12-31,3.24056932930569,%,Latin America & Caribbean,World Bank
COL,Inflation,Economic,2017-12-31,4.31431325695011,%,Latin America & Caribbean,World Bank
COL,Inflation,Economic,2016-12-31,7.51346024627675,%,Latin America & Caribbean,World Bank
COL,Inflation,Economic,2015-12-31,4.9898311584953,%,Latin America & Caribbean,World Bank
COL,Inflation,Economic,2014-12-31,2.89883787761738,%,Latin America & Caribbean,World Bank
COL,Inflation,Economic,2013-12-31,2.01699224310383,%,Latin America & Caribbean,World Bank
COL,Inflation,Economic,2012-12-31,3.16930188840055,%,Latin America & Caribbean,World Bank
COL,Inflation,Economic,2011-12-31,3.4150334477625,%,Latin America & Caribbean,World Bank
COL,Inflation,Economic,2010-12-31,2.27200227892008,%,Latin America & Caribbean,World Bank
COL,Inflation,Economic,2009-12-31,4.20251661216482,%,Latin America & Caribbean,World Bank
COL,Inflation,Economic,2008-12-31,6.99688495554511,%,Latin America & Caribbean,World Bank
COL,Inflation,Economic,2007-12-31,5.54438485815156,%,Latin America & Caribbean,World Bank
COL,Inflation,Economic,2006-12-31,4.29342363628927,%,Latin America & Caribbean,World Bank
COL,Inflation,Economic,2005-12-31,5.05101962689696,%,Latin America & Caribbean,World Bank
COL,Inflation,Economic,2004-12-31,5.90402005546502,%,Latin America & Caribbean,World Bank
COL,Inflation,Economic,2003-12-31,7.1297886294186,%,Latin America & Caribbean,World Bank
COL,Inflation,Economic,2002-12-31,6.35150728778872,%,Latin America & Caribbean,World Bank
COL,Inflation,Economic,2001-12-31,7.96556090304834,%,Latin America & Caribbean,World Bank
COL,Inflation,Economic,2000-12-31,9.22534818585366,%,Latin America & Caribbean,World Bank
COL,Interest rate,Economic,2025-12-31,14.3114389316572,%,Latin America & Caribbean,World Bank
COL,Interest rate,Economic,2024-12-31,16.3744226380092,%,Latin America & Caribbean,World Bank
COL,Interest rate,Economic,2023-12-31,21.0306368304862,%,Latin America & Caribbean,World Bank
COL,Interest rate,Economic,2022-12-31,15.8075088706303,%,Latin America & Caribbean,World Bank
COL,Interest rate,Economic,2021-12-31,9.3378484091001,%,Latin America & Caribbean,World Bank
COL,Interest rate,Economic,2020-12-31,9.85052425129014,%,Latin America & Caribbean,World Bank
COL,Interest rate,Economic,2019-12-31,11.7690653821827,%,Latin America & Caribbean,World Bank
COL,Interest rate,Economic,2018-12-31,12.1148777449182,%,Latin America & Caribbean,World Bank
COL,Interest rate,Economic,2017-12-31,13.6858303184817,%,Latin America & Caribbean,World Bank
COL,Interest rate,Economic,2016-12-31,14.6454318106769,%,Latin America & Caribbean,World Bank
COL,Interest rate,Economic,2015-12-31,11.4499872575296,%,Latin America & Caribbean,World Bank
COL,Interest rate,Economic,2014-12-31,10.8673350376127,%,Latin America & Caribbean,World Bank
COL,Interest rate,Economic,2013-12-31,10.9855861710036,%,Latin America & Caribbean,World Bank
COL,Interest rate,Economic,2012-12-31,12.5850402049247,%,Latin America & Caribbean,World Bank
COL,Interest rate,Economic,2011-12-31,11.2199184470583,%,Latin America & Caribbean,World Bank
COL,Interest rate,Economic,2010-12-31,9.38148993683401,%,Latin America & Caribbean,World Bank
COL,Interest rate,Economic,2009-12-31,13.0080746033842,%,Latin America & Caribbean,World Bank
COL,Interest rate,Economic,2008-12-31,17.1756231436697,%,Latin America & Caribbean,World Bank
COL,Interest rate,Economic,2007-12-31,15.3818501011015,%,Latin America & Caribbean,World Bank
COL,Interest rate,Economic,2006-12-31,12.893913084832,%,Latin America & Caribbean,World Bank
COL,Interest rate,Economic,2005-12-31,14.5608333333333,%,Latin America & Caribbean,World Bank
COL,Interest rate,Economic,2004-12-31,15.0830567168883,%,Latin America & Caribbean,World Bank
COL,Interest rate,Economic,2003-12-31,15.187101145088,%,Latin America & Caribbean,World Bank
COL,Interest rate,Economic,2002-12-31,16.3267983308288,%,Latin America & Caribbean,World Bank
COL,Interest rate,Economic,2001-12-31,20.72,%,Latin America & Caribbean,World Bank
COL,Interest rate,Economic,2000-12-31,18.7866666666667,%,Latin America & Caribbean,World Bank
PER,Inflation,Economic,2025-12-31,1.53125450314273,%,Latin America & Caribbean,World Bank
PER,Inflation,Economic,2024-12-31,2.00770739412712,%,Latin America & Caribbean,World Bank
PER,Inflation,Economic,2023-12-31,6.45561348369586,%,Latin America & Caribbean,World Bank
PER,Inflation,Economic,2022-12-31,8.33370630096231,%,Latin America & Caribbean,World Bank
PER,Inflation,Economic,2021-12-31,4.27166381536798,%,Latin America & Caribbean,World Bank
PER,Inflation,Economic,2020-12-31,2.00241205759292,%,Latin America & Caribbean,World Bank
PER,Inflation,Economic,2019-12-31,2.25212191358027,%,Latin America & Caribbean,World Bank
PER,Inflation,Economic,2018-12-31,1.50915423024742,%,Latin America & Caribbean,World Bank
PER,Inflation,Economic,2017-12-31,2.99490045809443,%,Latin America & Caribbean,World Bank
PER,Inflation,Economic,2016-12-31,3.55717663556279,%,Latin America & Caribbean,World Bank
PER,Inflation,Economic,2015-12-31,3.39809194746308,%,Latin America & Caribbean,World Bank
PER,Inflation,Economic,2014-12-31,3.41194579807465,%,Latin America & Caribbean,World Bank
PER,Inflation,Economic,2013-12-31,2.76789666082002,%,Latin America & Caribbean,World Bank
PER,Inflation,Economic,2012-12-31,3.61121294940163,%,Latin America & Caribbean,World Bank
PER,Inflation,Economic,2011-12-31,3.36931095333853,%,Latin America & Caribbean,World Bank
PER,Inflation,Economic,2010-12-31,1.52832059732901,%,Latin America & Caribbean,World Bank
PER,Inflation,Economic,2009-12-31,2.936231535967,%,Latin America & Caribbean,World Bank
PER,Inflation,Economic,2008-12-31,5.78587598206755,%,Latin America & Caribbean,World Bank
PER,Inflation,Economic,2007-12-31,1.77998644680372,%,Latin America & Caribbean,World Bank
PER,Inflation,Economic,2006-12-31,2.00225801248819,%,Latin America & Caribbean,World Bank
PER,Inflation,Economic,2005-12-31,1.61630193862544,%,Latin America & Caribbean,World Bank
PER,Inflation,Economic,2004-12-31,3.66247320092233,%,Latin America & Caribbean,World Bank
PER,Inflation,Economic,2003-12-31,2.25937753363072,%,Latin America & Caribbean,World Bank
PER,Inflation,Economic,2002-12-31,0.193135003853722,%,Latin America & Caribbean,World Bank
PER,Inflation,Economic,2001-12-31,1.97709878502053,%,Latin America & Caribbean,World Bank
PER,Inflation,Economic,2000-12-31,3.75733833344474,%,Latin America & Caribbean,World Bank
PER,Interest rate,Economic,2022-12-31,12.5972583333333,%,Latin America & Caribbean,World Bank
PER,Interest rate,Economic,2021-12-31,10.9795083333333,%,Latin America & Caribbean,World Bank
PER,Interest rate,Economic,2020-12-31,12.9383333333333,%,Latin America & Caribbean,World Bank
PER,Interest rate,Economic,2019-12-31,14.38545,%,Latin America & Caribbean,World Bank
PER,Interest rate,Economic,2018-12-31,14.539125,%,Latin America & Caribbean,World Bank
PER,Interest rate,Economic,2017-12-31,16.7874916666667,%,Latin America & Caribbean,World Bank
PER,Interest rate,Economic,2016-12-31,16.4662,%,Latin America & Caribbean,World Bank
PER,Interest rate,Economic,2015-12-31,16.1058277777778,%,Latin America & Caribbean,World Bank
PER,Interest rate,Economic,2014-12-31,15.7433166666667,%,Latin America & Caribbean,World Bank
PER,Interest rate,Economic,2013-12-31,18.13925,%,Latin America & Caribbean,World Bank
PER,Interest rate,Economic,2012-12-31,19.2369083333333,%,Latin America & Caribbean,World Bank
PER,Interest rate,Economic,2011-12-31,18.677925,%,Latin America & Caribbean,World Bank
PER,Interest rate,Economic,2010-12-31,18.9768683333333,%,Latin America & Caribbean,World Bank
PER,Interest rate,Economic,2009-12-31,21.0419233333333,%,Latin America & Caribbean,World Bank
PER,Interest rate,Economic,2008-12-31,23.6734449024808,%,Latin America & Caribbean,World Bank
PER,Interest rate,Economic,2007-12-31,22.8556480555556,%,Latin America & Caribbean,World Bank
PER,Interest rate,Economic,2006-12-31,23.9333333333333,%,Latin America & Caribbean,World Bank
PER,Interest rate,Economic,2005-12-31,25.5338357716344,%,Latin America & Caribbean,World Bank
PER,Interest rate,Economic,2004-12-31,24.6745640588226,%,Latin America & Caribbean,World Bank
PER,Interest rate,Economic,2003-12-31,21.0156649712755,%,Latin America & Caribbean,World Bank
PER,Interest rate,Economic,2002-12-31,20.7653572885806,%,Latin America & Caribbean,World Bank
PER,Interest rate,Economic,2001-12-31,24.9783333333333,%,Latin America & Caribbean,World Bank
PER,Interest rate,Economic,2000-12-31,29.9958333333333,%,Latin America & Caribbean,World Bank
PER,GDP growth,Economic,2025-12-31,3.43056395124466,%,Latin America & Caribbean,World Bank
PER,GDP growth,Economic,2024-12-31,3.5152749274832,%,Latin America & Caribbean,World Bank
PER,GDP growth,Economic,2023-12-31,-0.350699814345759,%,Latin America & Caribbean,World Bank
PER,GDP growth,Economic,2022-12-31,2.81819976419922,%,Latin America & Caribbean,World Bank
PER,GDP growth,Economic,2021-12-31,13.4166456126513,%,Latin America & Caribbean,World Bank
PER,GDP growth,Economic,2020-12-31,-10.9333065010382,%,Latin America & Caribbean,World Bank
PER,GDP growth,Economic,2019-12-31,2.24063176875049,%,Latin America & Caribbean,World Bank
PER,GDP growth,Economic,2018-12-31,3.969351341365,%,Latin America & Caribbean,World Bank
PER,GDP growth,Economic,2017-12-31,2.51883544233135,%,Latin America & Caribbean,World Bank
PER,GDP growth,Economic,2016-12-31,3.95331871520767,%,Latin America & Caribbean,World Bank
PER,GDP growth,Economic,2015-12-31,3.25224477218451,%,Latin America & Caribbean,World Bank
PER,GDP growth,Economic,2014-12-31,2.38215737180541,%,Latin America & Caribbean,World Bank
PER,GDP growth,Economic,2013-12-31,5.85251821084928,%,Latin America & Caribbean,World Bank
PER,GDP growth,Economic,2012-12-31,6.13972470560435,%,Latin America & Caribbean,World Bank
PER,GDP growth,Economic,2011-12-31,6.32719240161117,%,Latin America & Caribbean,World Bank
PER,GDP growth,Economic,2010-12-31,8.33245910749577,%,Latin America & Caribbean,World Bank
PER,GDP growth,Economic,2009-12-31,1.0958236592427,%,Latin America & Caribbean,World Bank
PER,GDP growth,Economic,2008-12-31,9.1265683014642,%,Latin America & Caribbean,World Bank
PER,GDP growth,Economic,2007-12-31,8.5183877690955,%,Latin America & Caribbean,World Bank
PER,GDP growth,Economic,2006-12-31,7.5288990440594,%,Latin America & Caribbean,World Bank
PER,GDP growth,Economic,2005-12-31,6.28506032509601,%,Latin America & Caribbean,World Bank
PER,GDP growth,Economic,2004-12-31,4.95820320611745,%,Latin America & Caribbean,World Bank
PER,GDP growth,Economic,2003-12-31,4.16502313666112,%,Latin America & Caribbean,World Bank
PER,GDP growth,Economic,2002-12-31,5.45352893818767,%,Latin America & Caribbean,World Bank
PER,GDP growth,Economic,2001-12-31,0.617892325624297,%,Latin America & Caribbean,World Bank
PER,GDP growth,Economic,2000-12-31,2.69437139806912,%,Latin America & Caribbean,World Bank
POL,Inflation,Economic,2025-12-31,3.81419531520146,%,Europe & Central Asia,World Bank
POL,Inflation,Economic,2024-12-31,3.79060897630197,%,Europe & Central Asia,World Bank
POL,Inflation,Economic,2023-12-31,11.5289127961105,%,Europe & Central Asia,World Bank
POL,Inflation,Economic,2022-12-31,14.4294507575758,%,Europe & Central Asia,World Bank
POL,Inflation,Economic,2021-12-31,5.05502704719272,%,Europe & Central Asia,World Bank
POL,Inflation,Economic,2020-12-31,3.37446972618589,%,Europe & Central Asia,World Bank
POL,Inflation,Economic,2019-12-31,2.22747880938291,%,Europe & Central Asia,World Bank
POL,Inflation,Economic,2018-12-31,1.81295156542689,%,Europe & Central Asia,World Bank
POL,Inflation,Economic,2017-12-31,2.07593553673859,%,Europe & Central Asia,World Bank
POL,Inflation,Economic,2016-12-31,-0.664767331433962,%,Europe & Central Asia,World Bank
POL,Inflation,Economic,2015-12-31,-0.874125874125862,%,Europe & Central Asia,World Bank
POL,Inflation,Economic,2014-12-31,0.0538213132399802,%,Europe & Central Asia,World Bank
POL,Inflation,Economic,2013-12-31,0.991982606332335,%,Europe & Central Asia,World Bank
POL,Inflation,Economic,2012-12-31,3.56037151702793,%,Europe & Central Asia,World Bank
POL,Inflation,Economic,2011-12-31,4.23940149625932,%,Europe & Central Asia,World Bank
POL,Inflation,Economic,2010-12-31,2.58069370250548,%,Europe & Central Asia,World Bank
POL,Inflation,Economic,2009-12-31,3.79539242483399,%,Europe & Central Asia,World Bank
POL,Inflation,Economic,2008-12-31,4.16497193524779,%,Europe & Central Asia,World Bank
POL,Inflation,Economic,2007-12-31,2.4587431238539,%,Europe & Central Asia,World Bank
POL,Inflation,Economic,2006-12-31,1.28469394366416,%,Europe & Central Asia,World Bank
POL,Inflation,Economic,2005-12-31,2.18379872390251,%,Europe & Central Asia,World Bank
POL,Inflation,Economic,2004-12-31,3.38264681884699,%,Europe & Central Asia,World Bank
POL,Inflation,Economic,2003-12-31,0.682701375787632,%,Europe & Central Asia,World Bank
POL,Inflation,Economic,2002-12-31,1.90528215048054,%,Europe & Central Asia,World Bank
POL,Inflation,Economic,2001-12-31,5.4083354556615,%,Europe & Central Asia,World Bank
POL,Inflation,Economic,2000-12-31,9.90017538843065,%,Europe & Central Asia,World Bank
POL,GDP growth,Economic,2025-12-31,3.5727250346774,%,Europe & Central Asia,World Bank
POL,GDP growth,Economic,2024-12-31,3.02841630700273,%,Europe & Central Asia,World Bank
POL,GDP growth,Economic,2023-12-31,0.249610834017872,%,Europe & Central Asia,World Bank
POL,GDP growth,Economic,2022-12-31,5.25545697386036,%,Europe & Central Asia,World Bank
POL,GDP growth,Economic,2021-12-31,6.92718266052501,%,Europe & Central Asia,World Bank
POL,GDP growth,Economic,2020-12-31,-2.03556882399977,%,Europe & Central Asia,World Bank
POL,GDP growth,Economic,2019-12-31,4.58045817256199,%,Europe & Central Asia,World Bank
POL,GDP growth,Economic,2018-12-31,6.2458584723942,%,Europe & Central Asia,World Bank
POL,GDP growth,Economic,2017-12-31,5.15245773325907,%,Europe & Central Asia,World Bank
POL,GDP growth,Economic,2016-12-31,3.03117767594847,%,Europe & Central Asia,World Bank
POL,GDP growth,Economic,2015-12-31,4.43176700264478,%,Europe & Central Asia,World Bank
POL,GDP growth,Economic,2014-12-31,3.92050862390032,%,Europe & Central Asia,World Bank
POL,GDP growth,Economic,2013-12-31,0.684240607051805,%,Europe & Central Asia,World Bank
POL,GDP growth,Economic,2012-12-31,1.51178167644575,%,Europe & Central Asia,World Bank
POL,GDP growth,Economic,2011-12-31,5.25546256612796,%,Europe & Central Asia,World Bank
POL,GDP growth,Economic,2010-12-31,3.16892748258036,%,Europe & Central Asia,World Bank
POL,GDP growth,Economic,2009-12-31,2.61512859291683,%,Europe & Central Asia,World Bank
POL,GDP growth,Economic,2008-12-31,4.38377069274605,%,Europe & Central Asia,World Bank
POL,GDP growth,Economic,2007-12-31,6.7604478527626,%,Europe & Central Asia,World Bank
POL,GDP growth,Economic,2006-12-31,6.20210710934373,%,Europe & Central Asia,World Bank
POL,GDP growth,Economic,2005-12-31,3.26082274679216,%,Europe & Central Asia,World Bank
POL,GDP growth,Economic,2004-12-31,5.09079546409544,%,Europe & Central Asia,World Bank
POL,GDP growth,Economic,2003-12-31,3.52337117234833,%,Europe & Central Asia,World Bank
POL,GDP growth,Economic,2002-12-31,1.90119437968586,%,Europe & Central Asia,World Bank
POL,GDP growth,Economic,2001-12-31,1.23374464400356,%,Europe & Central Asia,World Bank
POL,GDP growth,Economic,2000-12-31,4.65633252988236,%,Europe & Central Asia,World Bank
THA,Inflation,Economic,2025-12-31,-0.133634356480207,%,East Asia & Pacific,World Bank
THA,Inflation,Economic,2024-12-31,0.398333333333422,%,East Asia & Pacific,World Bank
THA,Inflation,Economic,2023-12-31,1.22908986612448,%,East Asia & Pacific,World Bank
THA,Inflation,Economic,2022-12-31,6.07589952842433,%,East Asia & Pacific,World Bank
THA,Inflation,Economic,2021-12-31,1.23104516549814,%,East Asia & Pacific,World Bank
THA,Inflation,Economic,2020-12-31,-0.846087518861799,%,East Asia & Pacific,World Bank
THA,Inflation,Economic,2019-12-31,0.705524801910317,%,East Asia & Pacific,World Bank
THA,Inflation,Economic,2018-12-31,1.06683487370758,%,East Asia & Pacific,World Bank
THA,Inflation,Economic,2017-12-31,0.664415139830893,%,East Asia & Pacific,World Bank
THA,Inflation,Economic,2016-12-31,0.186235191075453,%,East Asia & Pacific,World Bank
THA,Inflation,Economic,2015-12-31,-0.898143410569433,%,East Asia & Pacific,World Bank
THA,Inflation,Economic,2014-12-31,1.89455652481545,%,East Asia & Pacific,World Bank
THA,Inflation,Economic,2013-12-31,2.18617704418967,%,East Asia & Pacific,World Bank
THA,Inflation,Economic,2012-12-31,3.00948610403357,%,East Asia & Pacific,World Bank
THA,Inflation,Economic,2011-12-31,3.81191694558332,%,East Asia & Pacific,World Bank
THA,Inflation,Economic,2010-12-31,3.24758842443725,%,East Asia & Pacific,World Bank
THA,Inflation,Economic,2009-12-31,-0.845716092316721,%,East Asia & Pacific,World Bank
THA,Inflation,Economic,2008-12-31,5.46848949649846,%,East Asia & Pacific,World Bank
THA,Inflation,Economic,2007-12-31,2.24154095286802,%,East Asia & Pacific,World Bank
THA,Inflation,Economic,2006-12-31,4.63747436011764,%,East Asia & Pacific,World Bank
THA,Inflation,Economic,2005-12-31,4.54036919634536,%,East Asia & Pacific,World Bank
THA,Inflation,Economic,2004-12-31,2.75914926231082,%,East Asia & Pacific,World Bank
THA,Inflation,Economic,2003-12-31,1.80434994635718,%,East Asia & Pacific,World Bank
THA,Inflation,Economic,2002-12-31,0.697308976625449,%,East Asia & Pacific,World Bank
THA,Inflation,Economic,2001-12-31,1.62690887314091,%,East Asia & Pacific,World Bank
THA,Inflation,Economic,2000-12-31,1.59196917460972,%,East Asia & Pacific,World Bank
THA,Interest rate,Economic,2025-12-31,3.9425,%,East Asia & Pacific,World Bank
THA,Interest rate,Economic,2024-12-31,4.51416666666667,%,East Asia & Pacific,World Bank
THA,Interest rate,Economic,2023-12-31,4.28583333333333,%,East Asia & Pacific,World Bank
THA,Interest rate,Economic,2022-12-31,3.13833333333333,%,East Asia & Pacific,World Bank
THA,Interest rate,Economic,2021-12-31,3.06,%,East Asia & Pacific,World Bank
THA,Interest rate,Economic,2020-12-31,3.2925,%,East Asia & Pacific,World Bank
THA,Interest rate,Economic,2019-12-31,4.08416666666666,%,East Asia & Pacific,World Bank
THA,Interest rate,Economic,2018-12-31,4.14666666666666,%,East Asia & Pacific,World Bank
THA,Interest rate,Economic,2017-12-31,4.41658283333333,%,East Asia & Pacific,World Bank
THA,Interest rate,Economic,2016-12-31,4.46834552349908,%,East Asia & Pacific,World Bank
THA,Interest rate,Economic,2015-12-31,4.73187498877014,%,East Asia & Pacific,World Bank
THA,Interest rate,Economic,2014-12-31,4.94915214812624,%,East Asia & Pacific,World Bank
THA,Interest rate,Economic,2013-12-31,5.06043360051236,%,East Asia & Pacific,World Bank
THA,Interest rate,Economic,2012-12-31,5.18731410654716,%,East Asia & Pacific,World Bank
THA,Interest rate,Economic,2011-12-31,5.06756761337228,%,East Asia & Pacific,World Bank
THA,Interest rate,Economic,2010-12-31,4.33403991889774,%,East Asia & Pacific,World Bank
THA,Interest rate,Economic,2009-12-31,4.77599754065056,%,East Asia & Pacific,World Bank
THA,Interest rate,Economic,2008-12-31,5.82188819286142,%,East Asia & Pacific,World Bank
THA,Interest rate,Economic,2007-12-31,6.04656836196979,%,East Asia & Pacific,World Bank
THA,Interest rate,Economic,2006-12-31,6.27380728455047,%,East Asia & Pacific,World Bank
THA,Interest rate,Economic,2005-12-31,4.71935005845093,%,East Asia & Pacific,World Bank
THA,Interest rate,Economic,2004-12-31,4.55308715722008,%,East Asia & Pacific,World Bank
THA,Interest rate,Economic,2001-12-31,7.27083333333333,%,East Asia & Pacific,World Bank
THA,Interest rate,Economic,2000-12-31,7.83333333333333,%,East Asia & Pacific,World Bank
MYS,Inflation,Economic,2025-12-31,1.38060872293692,%,East Asia & Pacific,World Bank
MYS,Inflation,Economic,2024-12-31,1.834100204499,%,East Asia & Pacific,World Bank
MYS,Inflation,Economic,2023-12-31,2.48886560125754,%,East Asia & Pacific,World Bank
MYS,Inflation,Economic,2022-12-31,3.37869862549928,%,East Asia & Pacific,World Bank
MYS,Inflation,Economic,2021-12-31,2.47710241465447,%,East Asia & Pacific,World Bank
MYS,Inflation,Economic,2020-12-31,-1.1387021539305,%,East Asia & Pacific,World Bank
MYS,Inflation,Economic,2019-12-31,0.662891865764326,%,East Asia & Pacific,World Bank
MYS,Inflation,Economic,2018-12-31,0.884709160571235,%,East Asia & Pacific,World Bank
MYS,Inflation,Economic,2017-12-31,3.87120115774237,%,East Asia & Pacific,World Bank
MYS,Inflation,Economic,2016-12-31,2.09056659525742,%,East Asia & Pacific,World Bank
MYS,Inflation,Economic,2015-12-31,2.10438980238359,%,East Asia & Pacific,World Bank
MYS,Inflation,Economic,2014-12-31,3.14299050879095,%,East Asia & Pacific,World Bank
MYS,Inflation,Economic,2013-12-31,2.10501231233612,%,East Asia & Pacific,World Bank
MYS,Inflation,Economic,2012-12-31,1.66357102479206,%,East Asia & Pacific,World Bank
MYS,Inflation,Economic,2011-12-31,3.1744709215131,%,East Asia & Pacific,World Bank
MYS,Inflation,Economic,2010-12-31,1.62285235577035,%,East Asia & Pacific,World Bank
MYS,Inflation,Economic,2009-12-31,0.583308405623702,%,East Asia & Pacific,World Bank
MYS,Inflation,Economic,2008-12-31,5.44078221100769,%,East Asia & Pacific,World Bank
MYS,Inflation,Economic,2007-12-31,2.02735317779569,%,East Asia & Pacific,World Bank
MYS,Inflation,Economic,2006-12-31,3.60923564224389,%,East Asia & Pacific,World Bank
MYS,Inflation,Economic,2005-12-31,2.97507092684449,%,East Asia & Pacific,World Bank
MYS,Inflation,Economic,2004-12-31,1.42127115937402,%,East Asia & Pacific,World Bank
MYS,Inflation,Economic,2003-12-31,1.08967632577286,%,East Asia & Pacific,World Bank
MYS,Inflation,Economic,2002-12-31,1.80787246281536,%,East Asia & Pacific,World Bank
MYS,Inflation,Economic,2001-12-31,1.41678473206098,%,East Asia & Pacific,World Bank
MYS,Inflation,Economic,2000-12-31,1.53474023697699,%,East Asia & Pacific,World Bank
MYS,Interest rate,Economic,2025-12-31,4.82472886111111,%,East Asia & Pacific,World Bank
MYS,Interest rate,Economic,2024-12-31,5.282681,%,East Asia & Pacific,World Bank
MYS,Interest rate,Economic,2023-12-31,5.31737500641025,%,East Asia & Pacific,World Bank
MYS,Interest rate,Economic,2022-12-31,3.90802666666667,%,East Asia & Pacific,World Bank
MYS,Interest rate,Economic,2021-12-31,3.44410640384615,%,East Asia & Pacific,World Bank
MYS,Interest rate,Economic,2020-12-31,3.94420769234615,%,East Asia & Pacific,World Bank
MYS,Interest rate,Economic,2019-12-31,4.87689294871795,%,East Asia & Pacific,World Bank
MYS,Interest rate,Economic,2018-12-31,4.92844038461538,%,East Asia & Pacific,World Bank
MYS,Interest rate,Economic,2017-12-31,4.60807808641975,%,East Asia & Pacific,World Bank
MYS,Interest rate,Economic,2016-12-31,4.53106666666667,%,East Asia & Pacific,World Bank
MYS,Interest rate,Economic,2015-12-31,4.565375,%,East Asia & Pacific,World Bank
MYS,Interest rate,Economic,2014-12-31,4.587025,%,East Asia & Pacific,World Bank
MYS,Interest rate,Economic,2013-12-31,4.6498,%,East Asia & Pacific,World Bank
MYS,Interest rate,Economic,2012-12-31,4.78583333333333,%,East Asia & Pacific,World Bank
MYS,Interest rate,Economic,2011-12-31,4.915,%,East Asia & Pacific,World Bank
MYS,Interest rate,Economic,2010-12-31,5.0,%,East Asia & Pacific,World Bank
MYS,Interest rate,Economic,2009-12-31,5.08416666666666,%,East Asia & Pacific,World Bank
MYS,Interest rate,Economic,2008-12-31,6.08,%,East Asia & Pacific,World Bank
MYS,Interest rate,Economic,2007-12-31,6.40916666666667,%,East Asia & Pacific,World Bank
MYS,Interest rate,Economic,2006-12-31,6.48583333333333,%,East Asia & Pacific,World Bank
MYS,Interest rate,Economic,2005-12-31,5.9525,%,East Asia & Pacific,World Bank
MYS,Interest rate,Economic,2004-12-31,6.04583333333333,%,East Asia & Pacific,World Bank
MYS,Interest rate,Economic,2003-12-31,6.30083333333333,%,East Asia & Pacific,World Bank
MYS,Interest rate,Economic,2002-12-31,6.52833333333334,%,East Asia & Pacific,World Bank
MYS,Interest rate,Economic,2001-12-31,7.12666666666667,%,East Asia & Pacific,World Bank
MYS,Interest rate,Economic,2000-12-31,7.67333333333333,%,East Asia & Pacific,World Bank
MYS,GDP growth,Economic,2025-12-31,5.17127082911057,%,East Asia & Pacific,World Bank
MYS,GDP growth,Economic,2024-12-31,5.10545921024041,%,East Asia & Pacific,World Bank
MYS,GDP growth,Economic,2023-12-31,3.5370638041057,%,East Asia & Pacific,World Bank
MYS,GDP growth,Economic,2022-12-31,9.03173723044451,%,East Asia & Pacific,World Bank
MYS,GDP growth,Economic,2021-12-31,3.31534954399166,%,East Asia & Pacific,World Bank
MYS,GDP growth,Economic,2020-12-31,-5.45684658426701,%,East Asia & Pacific,World Bank
MYS,GDP growth,Economic,2019-12-31,4.41318742129586,%,East Asia & Pacific,World Bank
MYS,GDP growth,Economic,2018-12-31,4.84308697634881,%,East Asia & Pacific,World Bank
MYS,GDP growth,Economic,2017-12-31,5.81272240983328,%,East Asia & Pacific,World Bank
MYS,GDP growth,Economic,2016-12-31,4.44978139761541,%,East Asia & Pacific,World Bank
MYS,GDP growth,Economic,2015-12-31,5.09153242155011,%,East Asia & Pacific,World Bank
MYS,GDP growth,Economic,2014-12-31,6.00672194558203,%,East Asia & Pacific,World Bank
MYS,GDP growth,Economic,2013-12-31,4.69372252557893,%,East Asia & Pacific,World Bank
MYS,GDP growth,Economic,2012-12-31,5.47345419253853,%,East Asia & Pacific,World Bank
MYS,GDP growth,Economic,2011-12-31,5.29391283414003,%,East Asia & Pacific,World Bank
MYS,GDP growth,Economic,2010-12-31,7.42484738326097,%,East Asia & Pacific,World Bank
MYS,GDP growth,Economic,2009-12-31,-1.51352871598714,%,East Asia & Pacific,World Bank
MYS,GDP growth,Economic,2008-12-31,4.83176988913097,%,East Asia & Pacific,World Bank
MYS,GDP growth,Economic,2007-12-31,6.29878592740947,%,East Asia & Pacific,World Bank
MYS,GDP growth,Economic,2006-12-31,5.5848470671515,%,East Asia & Pacific,World Bank
MYS,GDP growth,Economic,2005-12-31,5.33213916141486,%,East Asia & Pacific,World Bank
MYS,GDP growth,Economic,2004-12-31,6.78343772370305,%,East Asia & Pacific,World Bank
MYS,GDP growth,Economic,2003-12-31,5.7884992858875,%,East Asia & Pacific,World Bank
MYS,GDP growth,Economic,2002-12-31,5.39098830692797,%,East Asia & Pacific,World Bank
MYS,GDP growth,Economic,2001-12-31,0.517675319192861,%,East Asia & Pacific,World Bank
MYS,GDP growth,Economic,2000-12-31,8.85886816969386,%,East Asia & Pacific,World Bank
PHL,Inflation,Economic,2025-12-31,1.6587364525509,%,East Asia & Pacific,World Bank
PHL,Inflation,Economic,2024-12-31,3.21260487006347,%,East Asia & Pacific,World Bank
PHL,Inflation,Economic,2023-12-31,5.97802515541409,%,East Asia & Pacific,World Bank
PHL,Inflation,Economic,2022-12-31,5.82115811213955,%,East Asia & Pacific,World Bank
PHL,Inflation,Economic,2021-12-31,3.92718022100332,%,East Asia & Pacific,World Bank
PHL,Inflation,Economic,2020-12-31,2.3931623931624,%,East Asia & Pacific,World Bank
PHL,Inflation,Economic,2019-12-31,2.39206534422404,%,East Asia & Pacific,World Bank
PHL,Inflation,Economic,2018-12-31,5.30934661627707,%,East Asia & Pacific,World Bank
PHL,Inflation,Economic,2017-12-31,2.85318772590947,%,East Asia & Pacific,World Bank
PHL,Inflation,Economic,2016-12-31,1.25369880080982,%,East Asia & Pacific,World Bank
PHL,Inflation,Economic,2015-12-31,0.674192536845408,%,East Asia & Pacific,World Bank
PHL,Inflation,Economic,2014-12-31,3.59782343864211,%,East Asia & Pacific,World Bank
PHL,Inflation,Economic,2013-12-31,2.58268766141795,%,East Asia & Pacific,World Bank
PHL,Inflation,Economic,2012-12-31,3.02696391124796,%,East Asia & Pacific,World Bank
PHL,Inflation,Economic,2011-12-31,4.7184170471842,%,East Asia & Pacific,World Bank
PHL,Inflation,Economic,2010-12-31,3.78983634797591,%,East Asia & Pacific,World Bank
PHL,Inflation,Economic,2009-12-31,4.21903052064628,%,East Asia & Pacific,World Bank
PHL,Inflation,Economic,2008-12-31,8.26044703595725,%,East Asia & Pacific,World Bank
PHL,Inflation,Economic,2007-12-31,2.90000000000003,%,East Asia & Pacific,World Bank
PHL,Inflation,Economic,2006-12-31,5.4852320675105,%,East Asia & Pacific,World Bank
PHL,Inflation,Economic,2005-12-31,6.51685393258433,%,East Asia & Pacific,World Bank
PHL,Inflation,Economic,2004-12-31,4.82921083627795,%,East Asia & Pacific,World Bank
PHL,Inflation,Economic,2003-12-31,2.28915662650607,%,East Asia & Pacific,World Bank
PHL,Inflation,Economic,2002-12-31,2.72277227722765,%,East Asia & Pacific,World Bank
PHL,Inflation,Economic,2001-12-31,5.34550195567142,%,East Asia & Pacific,World Bank
PHL,Inflation,Economic,2000-12-31,3.9771250324928,%,East Asia & Pacific,World Bank
PHL,Interest rate,Economic,2019-12-31,7.09583333333333,%,East Asia & Pacific,World Bank
PHL,Interest rate,Economic,2018-12-31,6.1185,%,East Asia & Pacific,World Bank
PHL,Interest rate,Economic,2017-12-31,5.62725,%,East Asia & Pacific,World Bank
PHL,Interest rate,Economic,2016-12-31,5.642,%,East Asia & Pacific,World Bank
PHL,Interest rate,Economic,2015-12-31,5.57825,%,East Asia & Pacific,World Bank
PHL,Interest rate,Economic,2014-12-31,5.52591666666666,%,East Asia & Pacific,World Bank
PHL,Interest rate,Economic,2013-12-31,5.76683333333333,%,East Asia & Pacific,World Bank
PHL,Interest rate,Economic,2012-12-31,5.6795,%,East Asia & Pacific,World Bank
PHL,Interest rate,Economic,2011-12-31,6.66325,%,East Asia & Pacific,World Bank
PHL,Interest rate,Economic,2010-12-31,7.67266666666667,%,East Asia & Pacific,World Bank
PHL,Interest rate,Economic,2009-12-31,8.56616666666667,%,East Asia & Pacific,World Bank
PHL,Interest rate,Economic,2008-12-31,8.75108333333334,%,East Asia & Pacific,World Bank
PHL,Interest rate,Economic,2007-12-31,8.69141666666667,%,East Asia & Pacific,World Bank
PHL,Interest rate,Economic,2006-12-31,9.77866666666667,%,East Asia & Pacific,World Bank
PHL,Interest rate,Economic,2005-12-31,10.1849166666667,%,East Asia & Pacific,World Bank
PHL,Interest rate,Economic,2004-12-31,10.079,%,East Asia & Pacific,World Bank
PHL,Interest rate,Economic,2003-12-31,9.47166666666667,%,East Asia & Pacific,World Bank
PHL,Interest rate,Economic,2002-12-31,9.1385,%,East Asia & Pacific,World Bank
PHL,Interest rate,Economic,2001-12-31,12.4015833333333,%,East Asia & Pacific,World Bank
PHL,Interest rate,Economic,2000-12-31,10.90725,%,East Asia & Pacific,World Bank
PHL,GDP growth,Economic,2025-12-31,4.40240158710621,%,East Asia & Pacific,World Bank
PHL,GDP growth,Economic,2024-12-31,5.71474526128652,%,East Asia & Pacific,World Bank
PHL,GDP growth,Economic,2023-12-31,5.51894967856043,%,East Asia & Pacific,World Bank
PHL,GDP growth,Economic,2022-12-31,7.58098212785563,%,East Asia & Pacific,World Bank
PHL,GDP growth,Economic,2021-12-31,5.71473313185116,%,East Asia & Pacific,World Bank
PHL,GDP growth,Economic,2020-12-31,-9.51829474045297,%,East Asia & Pacific,World Bank
PHL,GDP growth,Economic,2019-12-31,6.11852566221303,%,East Asia & Pacific,World Bank
PHL,GDP growth,Economic,2018-12-31,6.34148557153473,%,East Asia & Pacific,World Bank
PHL,GDP growth,Economic,2017-12-31,6.9309883258402,%,East Asia & Pacific,World Bank
PHL,GDP growth,Economic,2016-12-31,7.14945675000752,%,East Asia & Pacific,World Bank
PHL,GDP growth,Economic,2015-12-31,6.34830971672761,%,East Asia & Pacific,World Bank
PHL,GDP growth,Economic,2014-12-31,6.34798748260867,%,East Asia & Pacific,World Bank
PHL,GDP growth,Economic,2013-12-31,6.75053130142255,%,East Asia & Pacific,World Bank
PHL,GDP growth,Economic,2012-12-31,6.89695171050985,%,East Asia & Pacific,World Bank
PHL,GDP growth,Economic,2011-12-31,3.85823282795663,%,East Asia & Pacific,World Bank
PHL,GDP growth,Economic,2010-12-31,7.33449996034538,%,East Asia & Pacific,World Bank
PHL,GDP growth,Economic,2009-12-31,1.44832306275669,%,East Asia & Pacific,World Bank
PHL,GDP growth,Economic,2008-12-31,4.34448730509183,%,East Asia & Pacific,World Bank
PHL,GDP growth,Economic,2007-12-31,6.51929155018938,%,East Asia & Pacific,World Bank
PHL,GDP growth,Economic,2006-12-31,5.31641682136939,%,East Asia & Pacific,World Bank
PHL,GDP growth,Economic,2005-12-31,4.94250511877678,%,East Asia & Pacific,World Bank
PHL,GDP growth,Economic,2004-12-31,6.56922851180626,%,East Asia & Pacific,World Bank
PHL,GDP growth,Economic,2003-12-31,5.08691113513073,%,East Asia & Pacific,World Bank
PHL,GDP growth,Economic,2002-12-31,3.71625500158383,%,East Asia & Pacific,World Bank
PHL,GDP growth,Economic,2001-12-31,3.04923134463486,%,East Asia & Pacific,World Bank
PHL,GDP growth,Economic,2000-12-31,4.38250500083399,%,East Asia & Pacific,World Bank
KEN,Inflation,Economic,2025-12-31,4.06912878540729,%,Sub-Saharan Africa,World Bank
KEN,Inflation,Economic,2024-12-31,4.48978854243448,%,Sub-Saharan Africa,World Bank
KEN,Inflation,Economic,2023-12-31,7.67139634029402,%,Sub-Saharan Africa,World Bank
KEN,Inflation,Economic,2022-12-31,7.65986268272224,%,Sub-Saharan Africa,World Bank
KEN,Inflation,Economic,2021-12-31,6.10793603659176,%,Sub-Saharan Africa,World Bank
KEN,Inflation,Economic,2020-12-31,5.40516207933392,%,Sub-Saharan Africa,World Bank
KEN,Inflation,Economic,2019-12-31,5.23963795764792,%,Sub-Saharan Africa,World Bank
KEN,Inflation,Economic,2018-12-31,4.6898064677633,%,Sub-Saharan Africa,World Bank
KEN,Inflation,Economic,2017-12-31,8.00564967709945,%,Sub-Saharan Africa,World Bank
KEN,Inflation,Economic,2016-12-31,6.29724953814625,%,Sub-Saharan Africa,World Bank
KEN,Inflation,Economic,2015-12-31,6.58215429284779,%,Sub-Saharan Africa,World Bank
KEN,Inflation,Economic,2014-12-31,6.87815499275949,%,Sub-Saharan Africa,World Bank
KEN,Inflation,Economic,2013-12-31,5.71749357037733,%,Sub-Saharan Africa,World Bank
KEN,Inflation,Economic,2012-12-31,9.37777003547598,%,Sub-Saharan Africa,World Bank
KEN,Inflation,Economic,2011-12-31,14.0224913014704,%,Sub-Saharan Africa,World Bank
KEN,Inflation,Economic,2010-12-31,3.96138889115385,%,Sub-Saharan Africa,World Bank
KEN,Inflation,Economic,2009-12-31,9.23412592394652,%,Sub-Saharan Africa,World Bank
KEN,Inflation,Economic,2008-12-31,26.2398166445063,%,Sub-Saharan Africa,World Bank
KEN,Inflation,Economic,2007-12-31,9.75888023027529,%,Sub-Saharan Africa,World Bank
KEN,Inflation,Economic,2006-12-31,14.4537342081708,%,Sub-Saharan Africa,World Bank
KEN,Inflation,Economic,2005-12-31,10.3127783574683,%,Sub-Saharan Africa,World Bank
KEN,Inflation,Economic,2004-12-31,11.6240355442426,%,Sub-Saharan Africa,World Bank
KEN,Inflation,Economic,2003-12-31,9.81569062979654,%,Sub-Saharan Africa,World Bank
KEN,Inflation,Economic,2002-12-31,1.96130821739162,%,Sub-Saharan Africa,World Bank
KEN,Inflation,Economic,2001-12-31,5.73859814341467,%,Sub-Saharan Africa,World Bank
KEN,Inflation,Economic,2000-12-31,9.98002515350979,%,Sub-Saharan Africa,World Bank
KEN,Interest rate,Economic,2024-12-31,16.5931072517574,%,Sub-Saharan Africa,World Bank
KEN,Interest rate,Economic,2023-12-31,13.588501716128,%,Sub-Saharan Africa,World Bank
KEN,Interest rate,Economic,2022-12-31,12.3358409030593,%,Sub-Saharan Africa,World Bank
KEN,Interest rate,Economic,2021-12-31,12.0799983467507,%,Sub-Saharan Africa,World Bank
KEN,Interest rate,Economic,2020-12-31,11.9957846171539,%,Sub-Saharan Africa,World Bank
KEN,Interest rate,Economic,2019-12-31,12.4411328875146,%,Sub-Saharan Africa,World Bank
KEN,Interest rate,Economic,2018-12-31,13.0607588353757,%,Sub-Saharan Africa,World Bank
KEN,Interest rate,Economic,2017-12-31,13.6675725164372,%,Sub-Saharan Africa,World Bank
KEN,Interest rate,Economic,2016-12-31,16.5596306460545,%,Sub-Saharan Africa,World Bank
KEN,Interest rate,Economic,2015-12-31,16.086613785739,%,Sub-Saharan Africa,World Bank
KEN,Interest rate,Economic,2014-12-31,16.5139307062948,%,Sub-Saharan Africa,World Bank
KEN,Interest rate,Economic,2013-12-31,17.3134576914047,%,Sub-Saharan Africa,World Bank
KEN,Interest rate,Economic,2012-12-31,19.7234066533954,%,Sub-Saharan Africa,World Bank
KEN,Interest rate,Economic,2011-12-31,15.0467599904394,%,Sub-Saharan Africa,World Bank
KEN,Interest rate,Economic,2010-12-31,14.3715,%,Sub-Saharan Africa,World Bank
KEN,Interest rate,Economic,2009-12-31,14.8045412422178,%,Sub-Saharan Africa,World Bank
KEN,Interest rate,Economic,2008-12-31,14.0169393773033,%,Sub-Saharan Africa,World Bank
KEN,Interest rate,Economic,2007-12-31,13.340343675809,%,Sub-Saharan Africa,World Bank
KEN,Interest rate,Economic,2006-12-31,13.6355339080567,%,Sub-Saharan Africa,World Bank
KEN,Interest rate,Economic,2005-12-31,12.8825,%,Sub-Saharan Africa,World Bank
KEN,Interest rate,Economic,2004-12-31,12.5316666666667,%,Sub-Saharan Africa,World Bank
KEN,Interest rate,Economic,2003-12-31,16.5733333333333,%,Sub-Saharan Africa,World Bank
KEN,Interest rate,Economic,2002-12-31,18.4533333333333,%,Sub-Saharan Africa,World Bank
KEN,Interest rate,Economic,2001-12-31,19.6658333333333,%,Sub-Saharan Africa,World Bank
KEN,Interest rate,Economic,2000-12-31,22.3391666666667,%,Sub-Saharan Africa,World Bank
MAR,Inflation,Economic,2025-12-31,0.701902154839545,%,Middle East & North Africa,World Bank
MAR,Inflation,Economic,2024-12-31,0.985256592004507,%,Middle East & North Africa,World Bank
MAR,Inflation,Economic,2023-12-31,6.09114152504141,%,Middle East & North Africa,World Bank
MAR,Inflation,Economic,2022-12-31,6.65704202759067,%,Middle East & North Africa,World Bank
MAR,Inflation,Economic,2021-12-31,1.40195883962006,%,Middle East & North Africa,World Bank
MAR,Inflation,Economic,2020-12-31,0.705968661338261,%,Middle East & North Africa,World Bank
MAR,Inflation,Economic,2019-12-31,0.303386036590383,%,Middle East & North Africa,World Bank
MAR,Inflation,Economic,2018-12-31,1.80391671141896,%,Middle East & North Africa,World Bank
MAR,Inflation,Economic,2017-12-31,0.754663249323619,%,Middle East & North Africa,World Bank
MAR,Inflation,Economic,2016-12-31,1.63531114327064,%,Middle East & North Africa,World Bank
MAR,Inflation,Economic,2015-12-31,1.5579071134626,%,Middle East & North Africa,World Bank
MAR,Inflation,Economic,2014-12-31,0.442310053557048,%,Middle East & North Africa,World Bank
MAR,Inflation,Economic,2013-12-31,1.88065466724086,%,Middle East & North Africa,World Bank
MAR,Inflation,Economic,2012-12-31,1.28712240079219,%,Middle East & North Africa,World Bank
MAR,Inflation,Economic,2011-12-31,0.9069249096918,%,Middle East & North Africa,World Bank
MAR,Inflation,Economic,2010-12-31,0.993557401226392,%,Middle East & North Africa,World Bank
MAR,Inflation,Economic,2009-12-31,0.971862998667636,%,Middle East & North Africa,World Bank
MAR,Inflation,Economic,2008-12-31,3.71484311494064,%,Middle East & North Africa,World Bank
MAR,Inflation,Economic,2007-12-31,2.04208512673344,%,Middle East & North Africa,World Bank
MAR,Inflation,Economic,2006-12-31,3.28476166954811,%,Middle East & North Africa,World Bank
MAR,Inflation,Economic,2005-12-31,0.982641660015951,%,Middle East & North Africa,World Bank
MAR,Inflation,Economic,2004-12-31,1.49344403381774,%,Middle East & North Africa,World Bank
MAR,Inflation,Economic,2003-12-31,1.16773367477592,%,Middle East & North Africa,World Bank
MAR,Inflation,Economic,2002-12-31,2.79561966936936,%,Middle East & North Africa,World Bank
MAR,Inflation,Economic,2001-12-31,0.619801875297975,%,Middle East & North Africa,World Bank
MAR,Inflation,Economic,2000-12-31,1.89463456763464,%,Middle East & North Africa,World Bank
MAR,GDP growth,Economic,2025-12-31,4.59524349182247,%,Middle East & North Africa,World Bank
MAR,GDP growth,Economic,2024-12-31,3.79336515978963,%,Middle East & North Africa,World Bank
MAR,GDP growth,Economic,2023-12-31,3.65564411017931,%,Middle East & North Africa,World Bank
MAR,GDP growth,Economic,2022-12-31,1.81269242194809,%,Middle East & North Africa,World Bank
MAR,GDP growth,Economic,2021-12-31,8.15473889823681,%,Middle East & North Africa,World Bank
MAR,GDP growth,Economic,2020-12-31,-7.17820744246774,%,Middle East & North Africa,World Bank
MAR,GDP growth,Economic,2019-12-31,2.89097476137077,%,Middle East & North Africa,World Bank
MAR,GDP growth,Economic,2018-12-31,3.06564133025955,%,Middle East & North Africa,World Bank
MAR,GDP growth,Economic,2017-12-31,5.05789816173446,%,Middle East & North Africa,World Bank
MAR,GDP growth,Economic,2016-12-31,0.52118550608968,%,Middle East & North Africa,World Bank
MAR,GDP growth,Economic,2015-12-31,4.34458297635238,%,Middle East & North Africa,World Bank
MAR,GDP growth,Economic,2014-12-31,2.7192440802029,%,Middle East & North Africa,World Bank
MAR,GDP growth,Economic,2013-12-31,4.12221286860944,%,Middle East & North Africa,World Bank
MAR,GDP growth,Economic,2012-12-31,3.06234368502997,%,Middle East & North Africa,World Bank
MAR,GDP growth,Economic,2011-12-31,5.52464523319847,%,Middle East & North Africa,World Bank
MAR,GDP growth,Economic,2010-12-31,3.49955709403216,%,Middle East & North Africa,World Bank
MAR,GDP growth,Economic,2009-12-31,3.74576940136258,%,Middle East & North Africa,World Bank
MAR,GDP growth,Economic,2008-12-31,5.68453936284732,%,Middle East & North Africa,World Bank
MAR,GDP growth,Economic,2007-12-31,3.44106776690418,%,Middle East & North Africa,World Bank
MAR,GDP growth,Economic,2006-12-31,7.7908200104027,%,Middle East & North Africa,World Bank
MAR,GDP growth,Economic,2005-12-31,3.19224973015831,%,Middle East & North Africa,World Bank
MAR,GDP growth,Economic,2004-12-31,4.57138016516208,%,Middle East & North Africa,World Bank
MAR,GDP growth,Economic,2003-12-31,6.17110214953244,%,Middle East & North Africa,World Bank
MAR,GDP growth,Economic,2002-12-31,3.73019737485745,%,Middle East & North Africa,World Bank
MAR,GDP growth,Economic,2001-12-31,7.72182519577728,%,Middle East & North Africa,World Bank
MAR,GDP growth,Economic,2000-12-31,2.58218091499747,%,Middle East & North Africa,World Bank
SAU,Inflation,Economic,2025-12-31,2.08420853585036,%,Middle East & North Africa,World Bank
SAU,Inflation,Economic,2024-12-31,1.68792112375809,%,Middle East & North Africa,World Bank
SAU,Inflation,Economic,2023-12-31,2.32708518362706,%,Middle East & North Africa,World Bank
SAU,Inflation,Economic,2022-12-31,2.47407371925372,%,Middle East & North Africa,World Bank
SAU,Inflation,Economic,2021-12-31,3.06328988941548,%,Middle East & North Africa,World Bank
SAU,Inflation,Economic,2020-12-31,3.37234961012303,%,Middle East & North Africa,World Bank
SAU,Inflation,Economic,2019-12-31,-1.19298644533328,%,Middle East & North Africa,World Bank
SAU,Inflation,Economic,2018-12-31,2.46594308994843,%,Middle East & North Africa,World Bank
SAU,Inflation,Economic,2017-12-31,-0.834845735027162,%,Middle East & North Africa,World Bank
SAU,Inflation,Economic,2016-12-31,2.05347076823965,%,Middle East & North Africa,World Bank
SAU,Inflation,Economic,2015-12-31,1.22269318552328,%,Middle East & North Africa,World Bank
SAU,Inflation,Economic,2014-12-31,2.24185348779063,%,Middle East & North Africa,World Bank
SAU,Inflation,Economic,2013-12-31,3.51104209799866,%,Middle East & North Africa,World Bank
SAU,Inflation,Economic,2012-12-31,2.86627029905053,%,Middle East & North Africa,World Bank
SAU,Inflation,Economic,2011-12-31,5.8262163739404,%,Middle East & North Africa,World Bank
SAU,Inflation,Economic,2010-12-31,5.33941733020905,%,Middle East & North Africa,World Bank
SAU,Inflation,Economic,2009-12-31,5.0572227614833,%,Middle East & North Africa,World Bank
SAU,Inflation,Economic,2008-12-31,9.87024816760266,%,Middle East & North Africa,World Bank
SAU,Inflation,Economic,2007-12-31,4.16782358431579,%,Middle East & North Africa,World Bank
SAU,Inflation,Economic,2006-12-31,2.20902314069647,%,Middle East & North Africa,World Bank
SAU,Inflation,Economic,2005-12-31,0.479231671630955,%,Middle East & North Africa,World Bank
SAU,Inflation,Economic,2004-12-31,0.5155078977673,%,Middle East & North Africa,World Bank
SAU,Inflation,Economic,2003-12-31,0.612195358172966,%,Middle East & North Africa,World Bank
SAU,Inflation,Economic,2002-12-31,0.247186492339686,%,Middle East & North Africa,World Bank
SAU,Inflation,Economic,2001-12-31,-1.12094804896791,%,Middle East & North Africa,World Bank
SAU,Inflation,Economic,2000-12-31,-1.12499838517645,%,Middle East & North Africa,World Bank
SAU,GDP growth,Economic,2025-12-31,4.50246560191663,%,Middle East & North Africa,World Bank
SAU,GDP growth,Economic,2024-12-31,2.64893068308965,%,Middle East & North Africa,World Bank
SAU,GDP growth,Economic,2023-12-31,0.542592439393161,%,Middle East & North Africa,World Bank
SAU,GDP growth,Economic,2022-12-31,12.0005874752929,%,Middle East & North Africa,World Bank
SAU,GDP growth,Economic,2021-12-31,6.51959698325419,%,Middle East & North Africa,World Bank
SAU,GDP growth,Economic,2020-12-31,-3.80478901996312,%,Middle East & North Africa,World Bank
SAU,GDP growth,Economic,2019-12-31,1.65158925617395,%,Middle East & North Africa,World Bank
SAU,GDP growth,Economic,2018-12-31,3.2269508901591,%,Middle East & North Africa,World Bank
SAU,GDP growth,Economic,2017-12-31,1.18210705878283,%,Middle East & North Africa,World Bank
SAU,GDP growth,Economic,2016-12-31,1.70404739202878,%,Middle East & North Africa,World Bank
SAU,GDP growth,Economic,2015-12-31,4.65512316652699,%,Middle East & North Africa,World Bank
SAU,GDP growth,Economic,2014-12-31,4.02467158380668,%,Middle East & North Africa,World Bank
SAU,GDP growth,Economic,2013-12-31,2.94563789152025,%,Middle East & North Africa,World Bank
SAU,GDP growth,Economic,2012-12-31,5.76157382270968,%,Middle East & North Africa,World Bank
SAU,GDP growth,Economic,2011-12-31,11.758820686671,%,Middle East & North Africa,World Bank
SAU,GDP growth,Economic,2010-12-31,5.0395150823517,%,Middle East & North Africa,World Bank
SAU,GDP growth,Economic,2009-12-31,-1.06671711240203,%,Middle East & North Africa,World Bank
SAU,GDP growth,Economic,2008-12-31,6.2379875365458,%,Middle East & North Africa,World Bank
SAU,GDP growth,Economic,2007-12-31,2.21365396372528,%,Middle East & North Africa,World Bank
SAU,GDP growth,Economic,2006-12-31,3.31348473625901,%,Middle East & North Africa,World Bank
SAU,GDP growth,Economic,2005-12-31,5.94489623934835,%,Middle East & North Africa,World Bank
SAU,GDP growth,Economic,2004-12-31,8.63100545880309,%,Middle East & North Africa,World Bank
SAU,GDP growth,Economic,2003-12-31,8.76873381743964,%,Middle East & North Africa,World Bank
SAU,GDP growth,Economic,2002-12-31,-0.688390130317757,%,Middle East & North Africa,World Bank
SAU,GDP growth,Economic,2001-12-31,0.344593196175438,%,Middle East & North Africa,World Bank
SAU,GDP growth,Economic,2000-12-31,4.71813422138024,%,Middle East & North Africa,World Bank
