agency,country,rating,outlook,date
S&P,Albania,BB,Stable,21 March 2025
S&P,Andorra,A-,Stable,10 May 2024
S&P,Angola,B-,Stable,4 February 2022
S&P,Argentina,B-,Stable,10 June 2026
S&P,Armenia,BB-,Stable,25 August 2023
S&P,Aruba,BBB+,Stable,24 March 2025
S&P,Australia,AAA,Stable,16 February 2003
S&P,Austria,AA+,Stable,13 January 2012
S&P,Azerbaijan,BB+,Positive,29 January 2016
S&P,Bahamas,BB-,Stable,26 September 2025
S&P,Bahrain,B,Stable,21 November 2025
S&P,Bangladesh,B+,Stable,30 July 2024
S&P,Barbados,B+,Stable,24 October 2025
S&P,Belgium,AA,Negative,25 April 2025
S&P,Belize,B-,Stable,9 November 2021
S&P,Benin,BB-,Stable,19 April 2024
S&P,Bermuda,A+,Stable,28 April 2015
S&P,Bolivia,CCC+,Stable,23 March 2026
S&P,Bosnia and Herzegovina,B+,Stable,4 August 2023
S&P,Botswana,BBB,Negative,12 September 2025
S&P,Brazil,BB,Stable,19 December 2023
S&P,Bulgaria,BBB+,Stable,10 July 2025
S&P,Burkina Faso,CCC+,Stable,26 January 2022
S&P,Cabo Verde,B,Positive,16 August 2024
S&P,Cameroon,B-,Stable,22 March 2024
S&P,Canada,AAA,Stable,29 July 2002
S&P,Chad,B-,Stable,28 October 2024
S&P,Chile,A,Stable,24 March 2021
S&P,China,A+,Stable,21 September 2017
S&P,Colombia,BB,Negative,26 June 2025
S&P,Cook Islands,B+,Positive,11 November 2020
S&P,Costa Rica,BB,Stable,22 October 2025
S&P,Cote d'Ivoire,BB,Stable,18 October 2024
S&P,Croatia,A,Stable,14 March 2026
S&P,Curacao,BBB-,Stable,22 February 2022
S&P,Cyprus,A-,Positive,20 March 2026
S&P,Czech Republic,AA-,Stable,28 March 2025
S&P,DR Congo,B-,Stable,28 January 2022
S&P,Denmark,AAA,Stable,6 February 2026
S&P,Dominican Republic,BB,Stable,19 December 2022
S&P,Ecuador,B-,Stable,1 September 2020
S&P,Egypt,B,Stable,10 October 2025
S&P,El Salvador,B-,Stable,7 November 2023
S&P,Estonia,A+,Stable,31 May 2024
S&P,Ethiopia,SD,,15 December 2023
S&P,Falkland Islands,A+,Stable,22 September 2021
S&P,Fiji,B+,Stable,22 September 2021
S&P,Finland,AA+,Stable,10 October 2014
S&P,France,A+,Stable,17 October 2025
S&P,Georgia,BB,Stable,11 October 2019
S&P,Germany,AAA,Stable,17 August 1983
S&P,Ghana,B-,Stable,7 November 2025
S&P,Greece,BBB,Stable,18 April 2025
S&P,Guatemala,BB+,Stable,23 May 2025
S&P,Guernsey,A+,Stable,13 January 2023
S&P,Guinea,B+,Stable,18 September 2025
S&P,Honduras,BB-,Negative,19 July 2017
S&P,Hong Kong,AA+,Stable,22 September 2017
S&P,Hungary,BBB-,Negative,11 April 2025
S&P,Iceland,A+,Positive,6 March 2026
S&P,India,BBB,Stable,14 August 2025
S&P,Indonesia,BBB,Stable,31 May 2019
S&P,Iraq,B-,Stable,3 September 2015
S&P,Ireland,AA+,Stable,20 March 2026
S&P,Israel,A,Stable,1 October 2024
S&P,Italy,BBB+,Stable,11 April 2025
S&P,Jamaica,BB,Stable,25 September 2025
S&P,Japan,A+,Stable,16 September 2015
S&P,Jersey,AA-,Stable,16 January 2021
S&P,Jordan,BB-,Stable,6 September 2024
S&P,Kazakhstan,BBB,Positive,21 August 2026
S&P,Kenya,B,Stable,22 August 2025
S&P,Kuwait,AA-,Stable,21 November 2025
S&P,Kyrgyzstan,B+,Stable,28 March 2025
S&P,Laos,CCC+,Positive,23 October 2025
S&P,Latvia,A,Stable,31 May 2024
S&P,Lebanon,SD,,11 March 2020
S&P,Liechtenstein,AAA,Stable,2 December 1996
S&P,Lithuania,A,Stable,31 May 2024
S&P,Luxembourg,AAA,Stable,28 April 1994
S&P,Madagascar,B-,Negative,11 April 2022
S&P,Malaysia,A-,Stable,19 September 2025
S&P,Malta,A-,Stable,14 October 2016
S&P,Mauritius,BBB-,Stable,21 July 2023
S&P,Mexico,BBB,Stable,26 March 2020
S&P,Moldova,BB-,Stable,10 October 2025
S&P,Mongolia,BB-,Stable,30 October 2025
S&P,Montenegro,B+,Stable,30 August 2024
S&P,Montserrat,BBB-,Stable,2 September 2011
S&P,Morocco,BBB-,Stable,26 September 2025
S&P,Mozambique,CCC+,Negative,22 November 2019
S&P,Netherlands,AAA,Stable,20 November 2015
S&P,New Zealand,AA+,Stable,21 February 2021
S&P,Nicaragua,B+,Stable,23 October 2024
S&P,Nigeria,B-,Positive,26 March 2020
S&P,North Macedonia,BB-,Stable,24 May 2013
S&P,Norway,AAA,Stable,9 July 1975
S&P,Oman,BBB-,Stable,27 September 2024
S&P,Pakistan,B-,Stable,24 July 2025
S&P,Panama,BBB-,Stable,26 November 2024
S&P,Papua New Guinea,B-,Stable,29 April 2020
S&P,Paraguay,BBB-,Stable,17 December 2025
S&P,Peru,BBB-,Stable,25 April 2024
S&P,Philippines,BBB+,Positive,30 April 2019
S&P,Poland,A-,Stable,12 October 2018
S&P,Portugal,A+,Stable,29 August 2025
S&P,Qatar,AA,Stable,4 November 2022
S&P,Congo,CCC+,Stable,30 October 2024
S&P,Romania,BBB-,Negative,16 May 2014
S&P,Rwanda,B+,Stable,9 August 2019
S&P,Saint Helena,BBB-,Stable,31 March 2023
S&P,San Marino,BBB+,Stable,1 August 2025
S&P,Saudi Arabia,A+,Stable,14 March 2025
S&P,Senegal,CCC+,,14 November 2025
S&P,Serbia,BBB-,Stable,4 October 2024
S&P,Singapore,AAA,Stable,6 March 1995
S&P,Slovakia,A,Negative,24 April 2026
S&P,Slovenia,AA,Stable,6 June 2025
S&P,South Africa,BB,Positive,14 November 2025
S&P,South Korea,AA,Stable,8 August 2016
S&P,Spain,A+,Stable,12 September 2025
S&P,Sri Lanka,CCC+,Stable,19 September 2025
S&P,Suriname,CCC+,Stable,6 December 2023
S&P,Sweden,AAA,Stable,16 February 2004
S&P,Switzerland,AAA,Stable,1 October 1988
S&P,Taiwan,AA+,Stable,29 April 2022
S&P,Tajikistan,B,Stable,16 August 2024
S&P,Thailand,BBB+,Stable,26 August 2004
S&P,Togo,B+,Stable,18 April 2025
S&P,Trinidad and Tobago,BBB-,Negative,26 March 2020
S&P,Turkey,BB-,Stable,1 November 2024
S&P,Turks and Caicos Islands,A-,Stable,26 February 2025
S&P,Uganda,B-,Positive,6 October 2023
S&P,Ukraine,CCC+,Stable,22 January 2026
S&P,United Arab Emirates,AA,Stable,2 July 2007
S&P,United Kingdom,AA,Stable,27 June 2016
S&P,United States,AA+,Stable,5 August 2011
S&P,Uruguay,BBB+,Stable,26 April 2023
S&P,Uzbekistan,BB,Stable,21 November 2025
S&P,Vietnam,BB+,Stable,26 May 2022
S&P,Zambia,CCC+,Stable,21 November 2025
Moody's,Angola,B3,Positive,24 October 2023
Moody's,Albania,B1,Stable,19 October 2024
Moody's,Argentina,B3,Positive,21 July 2026
Moody's,Armenia,Ba3,Stable,22 June 2023
Moody's,Australia,Aaa,Stable,28 June 2022
Moody's,Austria,Aa1,Stable,24 February 2023
Moody's,Azerbaijan,Ba1,Stable,5 August 2022
Moody's,Bahamas,B1,Stable,6 October 2022
Moody's,Bahrain,B2,Stable,22 April 2022
Moody's,Bangladesh,B1,Stable,30 May 2023
Moody's,Barbados,B3,Stable,3 August 2023
Moody's,Belarus,C,Stable,2 June 2023
Moody's,Belgium,Aa3,Stable,28 April 2023
Moody's,Belize,Caa2,Stable,16 November 2022
Moody's,Benin,B1,Stable,18 September 2023
Moody's,Bermuda,A2,Stable,21 June 2022
Moody's,Bolivia,Caa1,Negative,30 June 2023
Moody's,Bosnia and Herzegovina,B3,Stable,22 July 2022
Moody's,Botswana,A3,Stable,27 October 2023
Moody's,Brazil,Ba1,Positive,7 October 2024
Moody's,Bulgaria,Baa1,Stable,3 February 2023
Moody's,Cambodia,B2,Negative,15 November 2022
Moody's,Cameroon,Caa1,Stable,27 July 2023
Moody's,Canada,Aaa,Stable,3 November 2022
Moody's,Cayman Islands,Aa3,Stable,8 June 2023
Moody's,Chile,A2,Stable,15 September 2022
Moody's,China,A1,Stable,27 April 2026
Moody's,Colombia,Baa2,Stable,8 June 2023
Moody's,Congo,Caa2,Stable,3 November 2023
Moody's,Costa Rica,Ba3,Positive,18 September 2024
Moody's,Cote d'Ivoire,Ba3,Positive,27 June 2022
Moody's,Croatia,A3,Stable,7 November 2024
Moody's,Cuba,Ca,Ratings withdrawn,18 November 2021
Moody's,Cyprus,A3,Stable,22 November 2024
Moody's,Czech Republic,Aa3,Stable,24 November 2023
Moody's,Denmark,Aaa,Stable,11 February 2022
Moody's,Dominican Republic,Ba3,Positive,10 August 2023
Moody's,DR Congo,B3,Stable,11 November 2022
Moody's,Ecuador,Caa3,Stable,27 February 2023
Moody's,Egypt,Caa1,Negative,18 January 2024
Moody's,El Salvador,B3,Stable,26 November 2024
Moody's,Estonia,A1,Stable,29 April 2022
Moody's,Eswatini,B3,Positive,1 December 2023
Moody's,Ethiopia,Caa3,Stable,15 September 2023
Moody's,Fiji,B1,Stable,7 October 2022
Moody's,Finland,Aa1,Stable,29 July 2022
Moody's,France,Aa3,Stable,14 December 2024
Moody's,Gabon,Caa1,Negative,12 September 2023
Moody's,Georgia,Ba2,Negative,28 April 2022
Moody's,Germany,Aaa,Stable,10 February 2023
Moody's,Ghana,Caa3,Stable,9 June 2023
Moody's,Greece,Baa3,Stable,14 March 2025
Moody's,Guatemala,Ba1,Stable,15 June 2022
Moody's,Honduras,B1,Stable,3 October 2023
Moody's,Hong Kong,Aa3,Negative,6 December 2023
Moody's,Hungary,Ba1,Negative,30 December 2025
Moody's,Iceland,A1,Stable,19 September 2024
Moody's,India,Baa3,Stable,18 August 2023
Moody's,Indonesia,Baa2,Negative,5 February 2026
Moody's,Iraq,Caa1,Stable,24 November 2023
Moody's,Ireland,Aa3,Stable,21 April 2023
Moody's,Isle of Man,Aa3,Stable,27 October 2023
Moody's,Israel,Baa1,Negative,27 September 2024
Moody's,Italy,Baa2,Stable,21 November 2025
Moody's,Jamaica,B1,Positive,18 October 2023
Moody's,Japan,A1,Stable,8 November 2023
Moody's,Jordan,B1,Positive,17 November 2022
Moody's,Kazakhstan,Baa1,Positive,9 September 2024
Moody's,Kenya,B3,Negative,28 July 2023
Moody's,Kuwait,A1,Stable,26 May 2022
Moody's,Kyrgyzstan,B3,Negative,17 October 2022
Moody's,Latvia,A3,Stable,29 April 2022
Moody's,Lebanon,C,Stable,13 December 2023
Moody's,Lithuania,A2,Stable,29 April 2022
Moody's,Luxembourg,Aaa,Stable,17 March 2023
Moody's,Macao,Aa3,Negative,6 December 2022
Moody's,Malaysia,A3,Stable,14 April 2023
Moody's,Maldives,Caa2,Stable,11 September 2024
Moody's,Mali,Caa2,Stable,9 September 2022
Moody's,Malta,A2,Stable,18 November 2022
Moody's,Mauritius,Baa3,Stable,28 July 2022
Moody's,Mexico,Baa2,Stable,8 July 2022
Moody's,Moldova,B2,Stable,3 April 2026
Moody's,Mongolia,B3,Stable,14 February 2023
Moody's,Montenegro,Ba3,Stable,27 September 2024
Moody's,Morocco,Ba1,Positive,6 March 2026
Moody's,Mozambique,Caa2,Stable,22 September 2023
Moody's,Namibia,B1,Stable,5 April 2022
Moody's,Netherlands,Aaa,Stable,27 January 2023
Moody's,New Zealand,Aaa,Stable,21 April 2022
Moody's,Nicaragua,B3,Stable,30 March 2022
Moody's,Nigeria,Caa1,Positive,8 December 2023
Moody's,Norway,Aaa,Stable,6 May 2022
Moody's,Oman,Baa3,Stable,7 December 2023
Moody's,Pakistan,Caa1,Positive,13 August 2025
Moody's,Panama,Baa3,Stable,31 October 2023
Moody's,Papua New Guinea,B2,Stable,10 November 2022
Moody's,Paraguay,Baa3,Stable,26 July 2024
Moody's,Peru,Baa1,Negative,31 January 2023
Moody's,Philippines,Baa2,Stable,15 September 2022
Moody's,Poland,A2,Stable,29 April 2022
Moody's,Portugal,A3,Stable,17 November 2023
Moody's,Qatar,Aa3,Positive,2 November 2022
Moody's,Romania,Baa3,Stable,3 November 2023
Moody's,Russia,Ca,Ratings withdrawn,6 March 2022
Moody's,Rwanda,B2,Stable,8 September 2023
Moody's,Saint Vincent and the Grenadines,B3,Stable,1 March 2022
Moody's,Saudi Arabia,Aa3,Stable,22 November 2024
Moody's,Senegal,Ba3,Stable,18 March 2022
Moody's,Serbia,Ba2,Stable,8 September 2023
Moody's,Singapore,Aaa,Stable,17 May 2022
Moody's,Slovakia,A3,Stable,13 December 2024
Moody's,Slovenia,A2,Stable,27 February 2026
Moody's,South Africa,Ba2,Stable,1 April 2022
Moody's,South Korea,Aa2,Stable,21 April 2022
Moody's,Spain,A3,Positive,27 September 2025
Moody's,Sri Lanka,Caa1,Positive,23 December 2024
Moody's,Suriname,Caa3,Stable,17 February 2023
Moody's,Sweden,Aaa,Stable,25 March 2022
Moody's,Switzerland,Aaa,Stable,17 February 2023
Moody's,Taiwan,Aa3,Stable,22 September 2022
Moody's,Tajikistan,B3,Stable,12 October 2023
Moody's,Thailand,Baa1,Stable,7 April 2022
Moody's,Trinidad and Tobago,Ba2,Positive,10 July 2023
Moody's,Tunisia,Caa1,Stable,28 February 2025
Moody's,Turkey,B1,Positive,19 July 2024
Moody's,Uganda,B2,Negative,18 November 2022
Moody's,Ukraine,Ca,Stable,10 February 2023
Moody's,United Arab Emirates,Aa2,Stable,21 March 2023
Moody's,United Kingdom,Aa3,Stable,20 October 2023
Moody's,United States,Aa1,Stable,16 May 2025
Moody's,Uruguay,Baa1,Stable,15 March 2024
Moody's,Uzbekistan,Ba3,Stable,20 January 2023
Moody's,Venezuela,C,Ratings withdrawn,9 March 2018
Moody's,Vietnam,Ba2,Stable,6 September 2022
Moody's,Zambia,Caa3,Stable,21 October 2022
Fitch,Andorra,A-,Stable,4 April 2025
Fitch,Angola,B-,Stable,14 November 2025
Fitch,Argentina,B-,Stable,5 May 2026
Fitch,Armenia,BB-,Positive,16 January 2026
Fitch,Aruba,BBB,Positive,3 March 2026
Fitch,Australia,AAA,Stable,27 October 2025
Fitch,Austria,AA,Stable,5 December 2025
Fitch,Azerbaijan,BBB-,Stable,13 June 2025
Fitch,Bahamas,BB-,Stable,9 April 2025
Fitch,Bahrain,B,Stable,23 February 2026
Fitch,Bangladesh,B+,Stable,22 May 2025
Fitch,Barbados,B+,Positive,9 October 2025
Fitch,Belarus,WD,Ratings withdrawn,6 October 2023
Fitch,Belgium,A+,Stable,13 June 2025
Fitch,Benin,B+,Positive,16 January 2026
Fitch,Bolivia,CCC,,16 January 2026
Fitch,Brazil,BB,Stable,25 June 2025
Fitch,Bulgaria,BBB+,Stable,10 July 2025
Fitch,Cabo Verde,B,Stable,13 May 2025
Fitch,Cameroon,B,Negative,7 November 2025
Fitch,Canada,AA+,Stable,18 July 2025
Fitch,Chile,A-,Stable,26 September 2025
Fitch,China,A,Stable,3 April 2025
Fitch,Colombia,BB,Stable,16 December 2025
Fitch,Costa Rica,BB,Positive,17 December 2025
Fitch,Cote d'Ivoire,BB,Stable,12 December 2025
Fitch,Croatia,A-,Stable,6 March 2026
Fitch,Cyprus,A-,Positive,21 November 2025
Fitch,Czech Republic,AA-,Stable,6 February 2026
Fitch,Denmark,AAA,Stable,3 October 2025
Fitch,Dominican Republic,BB-,Positive,7 November 2025
Fitch,Ecuador,B-,Stable,25 February 2026
Fitch,Egypt,B,Stable,10 October 2025
Fitch,El Salvador,B-,Stable,30 April 2025
Fitch,Estonia,A+,Stable,6 June 2025
Fitch,Ethiopia,RD,,17 October 2025
Fitch,Finland,AA,Stable,25 July 2025
Fitch,France,A+,Stable,6 March 2026
Fitch,Gabon,CCC-,,19 December 2025
Fitch,Georgia,BB,Stable,21 November 2025
Fitch,Germany,AAA,Stable,11 July 2025
Fitch,Ghana,B-,Stable,16 June 2025
Fitch,Greece,BBB,Stable,14 November 2025
Fitch,Guatemala,BB+,Stable,14 October 2025
Fitch,Hong Kong,AA-,Stable,23 May 2025
Fitch,Hungary,BBB,Negative,5 December 2025
Fitch,Iceland,WD,Ratings withdrawn,6 February 2026
Fitch,India,BBB-,Stable,25 August 2025
Fitch,Indonesia,BBB,Negative,4 March 2026
Fitch,Iraq,B-,Stable,24 November 2025
Fitch,Ireland,AA,Stable,7 November 2025
Fitch,Israel,A,Negative,31 March 2025
Fitch,Italy,BBB+,Stable,19 September 2025
Fitch,Jamaica,BB-,Stable,5 February 2026
Fitch,Japan,A,Stable,19 January 2026
Fitch,Jordan,BB-,Stable,7 May 2025
Fitch,Kazakhstan,BBB,Stable,15 July 2025
Fitch,Kenya,B-,Stable,23 January 2026
Fitch,Kuwait,AA-,Stable,5 September 2025
Fitch,Kyrgyzstan,B,Stable,24 April 2025
Fitch,Laos,CCC+,,21 October 2025
Fitch,Latvia,A-,Stable,7 November 2025
Fitch,Lebanon,WD,Ratings withdrawn,23 July 2023
Fitch,Lesotho,B,Stable,9 June 2025
Fitch,Lithuania,A,Stable,24 October 2025
Fitch,Luxembourg,AAA,Stable,31 October 2025
Fitch,Macao,AA,Stable,11 February 2026
Fitch,Malaysia,BBB+,Stable,8 December 2025
Fitch,Maldives,CC,,12 June 2025
Fitch,Malta,A+,Stable,5 September 2025
Fitch,Mexico,BBB-,Stable,16 April 2025
Fitch,Moldova,B+,Stable,27 February 2026
Fitch,Mongolia,B+,Stable,1 September 2025
Fitch,Morocco,BB+,Stable,29 September 2025
Fitch,Mozambique,CCC,,30 January 2025
Fitch,Namibia,BB-,Stable,21 November 2025
Fitch,Nepal,BB-,Stable,18 November 2025
Fitch,Netherlands,AAA,Stable,16 January 2026
Fitch,New Zealand,AA+,Stable,17 August 2025
Fitch,Nicaragua,B,Stable,23 May 2025
Fitch,Nigeria,B,Stable,10 October 2025
Fitch,North Macedonia,BB+,Stable,19 September 2025
Fitch,Norway,AAA,Stable,13 March 1995
Fitch,Oman,BBB-,Stable,8 December 2025
Fitch,Pakistan,B-,Stable,15 April 2025
Fitch,Panama,BB+,Stable,28 March 2024
Fitch,Paraguay,BB+,Positive,6 October 2025
Fitch,Peru,BBB,Stable,20 October 2022
Fitch,Philippines,BBB,Stable,22 May 2023
Fitch,Poland,A-,Negative,5 September 2025
Fitch,Portugal,A,Stable,12 September 2025
Fitch,Qatar,AA,Stable,20 March 2024
Fitch,Congo,CCC+,,16 September 2022
Fitch,Romania,BBB-,Negative,17 December 2024
Fitch,Russia,WD,Ratings withdrawn,25 March 2022
Fitch,Rwanda,B+,Negative,4 April 2025
Fitch,San Marino,BBB-,Positive,12 December 2025
Fitch,Saudi Arabia,A+,Stable,5 April 2023
Fitch,Serbia,BB+,Positive,9 August 2024
Fitch,Seychelles,BB,Stable,5 September 2025
Fitch,Singapore,AAA,Stable,14 May 2003
Fitch,Slovakia,A-,Stable,6 December 2024
Fitch,Slovenia,A+,Stable,3 October 2025
Fitch,South Africa,BB-,Stable,15 December 2021
Fitch,South Korea,AA-,Stable,6 September 2012
Fitch,Spain,A,Stable,26 September 2025
Fitch,Sri Lanka,CCC+,Positive,20 December 2024
Fitch,Suriname,WD,Ratings withdrawn,25 January 2022
Fitch,Sweden,AAA,Stable,8 March 2004
Fitch,Switzerland,AAA,Stable,10 August 1994
Fitch,Taiwan,AA,Stable,10 September 2021
Fitch,Tanzania,B+,Stable,9 June 2023
Fitch,Thailand,BBB+,Negative,24 September 2025
Fitch,Tunisia,B-,Stable,12 September 2025
Fitch,Turkey,BB-,Stable,6 September 2024
Fitch,Turkmenistan,BB-,Stable,2 August 2024
Fitch,Uganda,B,Stable,30 August 2024
Fitch,Ukraine,CCC,,22 December 2025
Fitch,United Arab Emirates,AA-,Stable,11 November 2020
Fitch,United Kingdom,AA-,Stable,22 March 2024
Fitch,United States,AA+,Stable,1 August 2023
Fitch,Uruguay,BBB,Stable,7 June 2023
Fitch,Uzbekistan,BB,Stable,26 June 2025
Fitch,Vietnam,BB+,Stable,8 December 2023
Fitch,Zambia,B-,Stable,28 November 2025
