iso3,country_en,region_en,country_fr,region_fr
ABW,Aruba,Latin America & Caribbean,Aruba,Amerique latine & Caraibes
AFG,Afghanistan,"Middle East, North Africa, Afghanistan & Pakistan",Afghanistan,"Middle East, North Africa, Afghanistan & Pakistan"
AGO,Angola,Sub-Saharan Africa,Angola,Afrique subsaharienne
ALB,Albania,Europe & Central Asia,Albanie,Europe & Asie centrale
AND,Andorra,Europe & Central Asia,Andorre,Europe & Asie centrale
ARE,United Arab Emirates,"Middle East, North Africa, Afghanistan & Pakistan",Émirats arabes unis,"Middle East, North Africa, Afghanistan & Pakistan"
ARG,Argentina,Latin America & Caribbean,Argentine,Amerique latine & Caraibes
ARM,Armenia,Europe & Central Asia,Arménie,Europe & Asie centrale
ASM,American Samoa,East Asia & Pacific,Samoa américaines,Asie de l'Est & Pacifique
ATG,Antigua and Barbuda,Latin America & Caribbean,Antigua-et-Barbuda,Amerique latine & Caraibes
AUS,Australia,East Asia & Pacific,Australie,Asie de l'Est & Pacifique
AUT,Austria,Europe & Central Asia,Autriche,Europe & Asie centrale
AZE,Azerbaijan,Europe & Central Asia,Azerbaïdjan,Europe & Asie centrale
BDI,Burundi,Sub-Saharan Africa,Burundi,Afrique subsaharienne
BEL,Belgium,Europe & Central Asia,Belgique,Europe & Asie centrale
BEN,Benin,Sub-Saharan Africa,Bénin,Afrique subsaharienne
BFA,Burkina Faso,Sub-Saharan Africa,Burkina Faso,Afrique subsaharienne
BGD,Bangladesh,South Asia,Bangladesh,Asie du Sud
BGR,Bulgaria,Europe & Central Asia,Bulgarie,Europe & Asie centrale
BHR,Bahrain,"Middle East, North Africa, Afghanistan & Pakistan",Bahreïn,"Middle East, North Africa, Afghanistan & Pakistan"
BHS,"Bahamas, The",Latin America & Caribbean,Bahamas,Amerique latine & Caraibes
BIH,Bosnia and Herzegovina,Europe & Central Asia,Bosnie-Herzégovine,Europe & Asie centrale
BLR,Belarus,Europe & Central Asia,Biélorussie,Europe & Asie centrale
BLZ,Belize,Latin America & Caribbean,Belize,Amerique latine & Caraibes
BMU,Bermuda,North America,Bermudes,North America
BOL,Bolivia,Latin America & Caribbean,Bolivie,Amerique latine & Caraibes
BRA,Brazil,Latin America & Caribbean,Brésil,Amerique latine & Caraibes
BRB,Barbados,Latin America & Caribbean,Barbade,Amerique latine & Caraibes
BRN,Brunei Darussalam,East Asia & Pacific,Brunei,Asie de l'Est & Pacifique
BTN,Bhutan,South Asia,Bhoutan,Asie du Sud
BWA,Botswana,Sub-Saharan Africa,Botswana,Afrique subsaharienne
CAF,Central African Republic,Sub-Saharan Africa,République centrafricaine,Afrique subsaharienne
CAN,Canada,North America,Canada,North America
CHE,Switzerland,Europe & Central Asia,Suisse,Europe & Asie centrale
CHI,Channel Islands,Europe & Central Asia,Channel Islands,Europe & Asie centrale
CHL,Chile,Latin America & Caribbean,Chili,Amerique latine & Caraibes
CHN,China,East Asia & Pacific,Chine,Asie de l'Est & Pacifique
CIV,Cote d'Ivoire,Sub-Saharan Africa,Côte d’Ivoire,Afrique subsaharienne
CMR,Cameroon,Sub-Saharan Africa,Cameroun,Afrique subsaharienne
COD,"Congo, Dem. Rep.",Sub-Saharan Africa,Congo-Kinshasa,Afrique subsaharienne
COG,"Congo, Rep.",Sub-Saharan Africa,Congo-Brazzaville,Afrique subsaharienne
COL,Colombia,Latin America & Caribbean,Colombie,Amerique latine & Caraibes
COM,Comoros,Sub-Saharan Africa,Comores,Afrique subsaharienne
CPV,Cabo Verde,Sub-Saharan Africa,Cap-Vert,Afrique subsaharienne
CRI,Costa Rica,Latin America & Caribbean,Costa Rica,Amerique latine & Caraibes
CUB,Cuba,Latin America & Caribbean,Cuba,Amerique latine & Caraibes
CUW,Curacao,Latin America & Caribbean,Curaçao,Amerique latine & Caraibes
CYM,Cayman Islands,Latin America & Caribbean,Îles Caïmans,Amerique latine & Caraibes
CYP,Cyprus,Europe & Central Asia,Chypre,Europe & Asie centrale
CZE,Czechia,Europe & Central Asia,Tchéquie,Europe & Asie centrale
DEU,Germany,Europe & Central Asia,Allemagne,Europe & Asie centrale
DJI,Djibouti,"Middle East, North Africa, Afghanistan & Pakistan",Djibouti,"Middle East, North Africa, Afghanistan & Pakistan"
DMA,Dominica,Latin America & Caribbean,Dominique,Amerique latine & Caraibes
DNK,Denmark,Europe & Central Asia,Danemark,Europe & Asie centrale
DOM,Dominican Republic,Latin America & Caribbean,République dominicaine,Amerique latine & Caraibes
DZA,Algeria,"Middle East, North Africa, Afghanistan & Pakistan",Algérie,"Middle East, North Africa, Afghanistan & Pakistan"
ECU,Ecuador,Latin America & Caribbean,Équateur,Amerique latine & Caraibes
EGY,"Egypt, Arab Rep.","Middle East, North Africa, Afghanistan & Pakistan",Égypte,"Middle East, North Africa, Afghanistan & Pakistan"
ERI,Eritrea,Sub-Saharan Africa,Érythrée,Afrique subsaharienne
ESP,Spain,Europe & Central Asia,Espagne,Europe & Asie centrale
EST,Estonia,Europe & Central Asia,Estonie,Europe & Asie centrale
ETH,Ethiopia,Sub-Saharan Africa,Éthiopie,Afrique subsaharienne
FIN,Finland,Europe & Central Asia,Finlande,Europe & Asie centrale
FJI,Fiji,East Asia & Pacific,Fidji,Asie de l'Est & Pacifique
FRA,France,Europe & Central Asia,France,Europe & Asie centrale
FRO,Faroe Islands,Europe & Central Asia,Îles Féroé,Europe & Asie centrale
FSM,"Micronesia, Fed. Sts.",East Asia & Pacific,Micronésie,Asie de l'Est & Pacifique
GAB,Gabon,Sub-Saharan Africa,Gabon,Afrique subsaharienne
GBR,United Kingdom,Europe & Central Asia,Royaume-Uni,Europe & Asie centrale
GEO,Georgia,Europe & Central Asia,Géorgie,Europe & Asie centrale
GHA,Ghana,Sub-Saharan Africa,Ghana,Afrique subsaharienne
GIB,Gibraltar,Europe & Central Asia,Gibraltar,Europe & Asie centrale
GIN,Guinea,Sub-Saharan Africa,Guinée,Afrique subsaharienne
GMB,"Gambia, The",Sub-Saharan Africa,Gambie,Afrique subsaharienne
GNB,Guinea-Bissau,Sub-Saharan Africa,Guinée-Bissau,Afrique subsaharienne
GNQ,Equatorial Guinea,Sub-Saharan Africa,Guinée équatoriale,Afrique subsaharienne
GRC,Greece,Europe & Central Asia,Grèce,Europe & Asie centrale
GRD,Grenada,Latin America & Caribbean,Grenade,Amerique latine & Caraibes
GRL,Greenland,Europe & Central Asia,Groenland,Europe & Asie centrale
GTM,Guatemala,Latin America & Caribbean,Guatemala,Amerique latine & Caraibes
GUM,Guam,East Asia & Pacific,Guam,Asie de l'Est & Pacifique
GUY,Guyana,Latin America & Caribbean,Guyana,Amerique latine & Caraibes
HKG,"Hong Kong SAR, China",East Asia & Pacific,R.A.S. chinoise de Hong Kong,Asie de l'Est & Pacifique
HND,Honduras,Latin America & Caribbean,Honduras,Amerique latine & Caraibes
HRV,Croatia,Europe & Central Asia,Croatie,Europe & Asie centrale
HTI,Haiti,Latin America & Caribbean,Haïti,Amerique latine & Caraibes
HUN,Hungary,Europe & Central Asia,Hongrie,Europe & Asie centrale
IDN,Indonesia,East Asia & Pacific,Indonésie,Asie de l'Est & Pacifique
IMN,Isle of Man,Europe & Central Asia,Île de Man,Europe & Asie centrale
IND,India,South Asia,Inde,Asie du Sud
IRL,Ireland,Europe & Central Asia,Irlande,Europe & Asie centrale
IRN,"Iran, Islamic Rep.","Middle East, North Africa, Afghanistan & Pakistan",Iran,"Middle East, North Africa, Afghanistan & Pakistan"
IRQ,Iraq,"Middle East, North Africa, Afghanistan & Pakistan",Irak,"Middle East, North Africa, Afghanistan & Pakistan"
ISL,Iceland,Europe & Central Asia,Islande,Europe & Asie centrale
ISR,Israel,"Middle East, North Africa, Afghanistan & Pakistan",Israël,"Middle East, North Africa, Afghanistan & Pakistan"
ITA,Italy,Europe & Central Asia,Italie,Europe & Asie centrale
JAM,Jamaica,Latin America & Caribbean,Jamaïque,Amerique latine & Caraibes
JOR,Jordan,"Middle East, North Africa, Afghanistan & Pakistan",Jordanie,"Middle East, North Africa, Afghanistan & Pakistan"
JPN,Japan,East Asia & Pacific,Japon,Asie de l'Est & Pacifique
KAZ,Kazakhstan,Europe & Central Asia,Kazakhstan,Europe & Asie centrale
KEN,Kenya,Sub-Saharan Africa,Kenya,Afrique subsaharienne
KGZ,Kyrgyz Republic,Europe & Central Asia,Kirghizstan,Europe & Asie centrale
KHM,Cambodia,East Asia & Pacific,Cambodge,Asie de l'Est & Pacifique
KIR,Kiribati,East Asia & Pacific,Kiribati,Asie de l'Est & Pacifique
KNA,St. Kitts and Nevis,Latin America & Caribbean,Saint-Christophe-et-Niévès,Amerique latine & Caraibes
KOR,"Korea, Rep.",East Asia & Pacific,Corée du Sud,Asie de l'Est & Pacifique
KWT,Kuwait,"Middle East, North Africa, Afghanistan & Pakistan",Koweït,"Middle East, North Africa, Afghanistan & Pakistan"
LAO,Lao PDR,East Asia & Pacific,Laos,Asie de l'Est & Pacifique
LBN,Lebanon,"Middle East, North Africa, Afghanistan & Pakistan",Liban,"Middle East, North Africa, Afghanistan & Pakistan"
LBR,Liberia,Sub-Saharan Africa,Liberia,Afrique subsaharienne
LBY,Libya,"Middle East, North Africa, Afghanistan & Pakistan",Libye,"Middle East, North Africa, Afghanistan & Pakistan"
LCA,St. Lucia,Latin America & Caribbean,Sainte-Lucie,Amerique latine & Caraibes
LIE,Liechtenstein,Europe & Central Asia,Liechtenstein,Europe & Asie centrale
LKA,Sri Lanka,South Asia,Sri Lanka,Asie du Sud
LSO,Lesotho,Sub-Saharan Africa,Lesotho,Afrique subsaharienne
LTU,Lithuania,Europe & Central Asia,Lituanie,Europe & Asie centrale
LUX,Luxembourg,Europe & Central Asia,Luxembourg,Europe & Asie centrale
LVA,Latvia,Europe & Central Asia,Lettonie,Europe & Asie centrale
MAC,"Macao SAR, China",East Asia & Pacific,R.A.S. chinoise de Macao,Asie de l'Est & Pacifique
MAF,St. Martin (French part),Latin America & Caribbean,Saint-Martin,Amerique latine & Caraibes
MAR,Morocco,"Middle East, North Africa, Afghanistan & Pakistan",Maroc,"Middle East, North Africa, Afghanistan & Pakistan"
MCO,Monaco,Europe & Central Asia,Monaco,Europe & Asie centrale
MDA,Moldova,Europe & Central Asia,Moldavie,Europe & Asie centrale
MDG,Madagascar,Sub-Saharan Africa,Madagascar,Afrique subsaharienne
MDV,Maldives,South Asia,Maldives,Asie du Sud
MEX,Mexico,Latin America & Caribbean,Mexique,Amerique latine & Caraibes
MHL,Marshall Islands,East Asia & Pacific,Îles Marshall,Asie de l'Est & Pacifique
MKD,North Macedonia,Europe & Central Asia,Macédoine du Nord,Europe & Asie centrale
MLI,Mali,Sub-Saharan Africa,Mali,Afrique subsaharienne
MLT,Malta,"Middle East, North Africa, Afghanistan & Pakistan",Malte,"Middle East, North Africa, Afghanistan & Pakistan"
MMR,Myanmar,East Asia & Pacific,Myanmar (Birmanie),Asie de l'Est & Pacifique
MNE,Montenegro,Europe & Central Asia,Monténégro,Europe & Asie centrale
MNG,Mongolia,East Asia & Pacific,Mongolie,Asie de l'Est & Pacifique
MNP,Northern Mariana Islands,East Asia & Pacific,Îles Mariannes du Nord,Asie de l'Est & Pacifique
MOZ,Mozambique,Sub-Saharan Africa,Mozambique,Afrique subsaharienne
MRT,Mauritania,Sub-Saharan Africa,Mauritanie,Afrique subsaharienne
MUS,Mauritius,Sub-Saharan Africa,Maurice,Afrique subsaharienne
MWI,Malawi,Sub-Saharan Africa,Malawi,Afrique subsaharienne
MYS,Malaysia,East Asia & Pacific,Malaisie,Asie de l'Est & Pacifique
NAM,Namibia,Sub-Saharan Africa,Namibie,Afrique subsaharienne
NCL,New Caledonia,East Asia & Pacific,Nouvelle-Calédonie,Asie de l'Est & Pacifique
NER,Niger,Sub-Saharan Africa,Niger,Afrique subsaharienne
NGA,Nigeria,Sub-Saharan Africa,Nigéria,Afrique subsaharienne
NIC,Nicaragua,Latin America & Caribbean,Nicaragua,Amerique latine & Caraibes
NLD,Netherlands,Europe & Central Asia,Pays-Bas,Europe & Asie centrale
NOR,Norway,Europe & Central Asia,Norvège,Europe & Asie centrale
NPL,Nepal,South Asia,Népal,Asie du Sud
NRU,Naoero,East Asia & Pacific,Nauru,Asie de l'Est & Pacifique
NZL,New Zealand,East Asia & Pacific,Nouvelle-Zélande,Asie de l'Est & Pacifique
OMN,Oman,"Middle East, North Africa, Afghanistan & Pakistan",Oman,"Middle East, North Africa, Afghanistan & Pakistan"
PAK,Pakistan,"Middle East, North Africa, Afghanistan & Pakistan",Pakistan,"Middle East, North Africa, Afghanistan & Pakistan"
PAN,Panama,Latin America & Caribbean,Panama,Amerique latine & Caraibes
PER,Peru,Latin America & Caribbean,Pérou,Amerique latine & Caraibes
PHL,Philippines,East Asia & Pacific,Philippines,Asie de l'Est & Pacifique
PLW,Palau,East Asia & Pacific,Palaos,Asie de l'Est & Pacifique
PNG,Papua New Guinea,East Asia & Pacific,Papouasie-Nouvelle-Guinée,Asie de l'Est & Pacifique
POL,Poland,Europe & Central Asia,Pologne,Europe & Asie centrale
PRI,Puerto Rico (US),Latin America & Caribbean,Porto Rico,Amerique latine & Caraibes
PRK,"Korea, Dem. People's Rep.",East Asia & Pacific,Corée du Nord,Asie de l'Est & Pacifique
PRT,Portugal,Europe & Central Asia,Portugal,Europe & Asie centrale
PRY,Paraguay,Latin America & Caribbean,Paraguay,Amerique latine & Caraibes
PSE,West Bank and Gaza,"Middle East, North Africa, Afghanistan & Pakistan",Territoires palestiniens,"Middle East, North Africa, Afghanistan & Pakistan"
PYF,French Polynesia,East Asia & Pacific,Polynésie française,Asie de l'Est & Pacifique
QAT,Qatar,"Middle East, North Africa, Afghanistan & Pakistan",Qatar,"Middle East, North Africa, Afghanistan & Pakistan"
ROU,Romania,Europe & Central Asia,Roumanie,Europe & Asie centrale
RUS,Russian Federation,Europe & Central Asia,Russie,Europe & Asie centrale
RWA,Rwanda,Sub-Saharan Africa,Rwanda,Afrique subsaharienne
SAU,Saudi Arabia,"Middle East, North Africa, Afghanistan & Pakistan",Arabie saoudite,"Middle East, North Africa, Afghanistan & Pakistan"
SDN,Sudan,Sub-Saharan Africa,Soudan,Afrique subsaharienne
SEN,Senegal,Sub-Saharan Africa,Sénégal,Afrique subsaharienne
SGP,Singapore,East Asia & Pacific,Singapour,Asie de l'Est & Pacifique
SLB,Solomon Islands,East Asia & Pacific,Îles Salomon,Asie de l'Est & Pacifique
SLE,Sierra Leone,Sub-Saharan Africa,Sierra Leone,Afrique subsaharienne
SLV,El Salvador,Latin America & Caribbean,Salvador,Amerique latine & Caraibes
SMR,San Marino,Europe & Central Asia,Saint-Marin,Europe & Asie centrale
SOM,"Somalia, Fed. Rep.",Sub-Saharan Africa,Somalie,Afrique subsaharienne
SRB,Serbia,Europe & Central Asia,Serbie,Europe & Asie centrale
SSD,South Sudan,Sub-Saharan Africa,Soudan du Sud,Afrique subsaharienne
STP,Sao Tome and Principe,Sub-Saharan Africa,Sao Tomé-et-Principe,Afrique subsaharienne
SUR,Suriname,Latin America & Caribbean,Suriname,Amerique latine & Caraibes
SVK,Slovak Republic,Europe & Central Asia,Slovaquie,Europe & Asie centrale
SVN,Slovenia,Europe & Central Asia,Slovénie,Europe & Asie centrale
SWE,Sweden,Europe & Central Asia,Suède,Europe & Asie centrale
SWZ,Eswatini,Sub-Saharan Africa,Eswatini,Afrique subsaharienne
SXM,Sint Maarten (Dutch part),Latin America & Caribbean,Saint-Martin (partie néerlandaise),Amerique latine & Caraibes
SYC,Seychelles,Sub-Saharan Africa,Seychelles,Afrique subsaharienne
SYR,Syrian Arab Republic,"Middle East, North Africa, Afghanistan & Pakistan",Syrie,"Middle East, North Africa, Afghanistan & Pakistan"
TCA,Turks and Caicos Islands,Latin America & Caribbean,Îles Turques-et-Caïques,Amerique latine & Caraibes
TCD,Chad,Sub-Saharan Africa,Tchad,Afrique subsaharienne
TGO,Togo,Sub-Saharan Africa,Togo,Afrique subsaharienne
THA,Thailand,East Asia & Pacific,Thaïlande,Asie de l'Est & Pacifique
TJK,Tajikistan,Europe & Central Asia,Tadjikistan,Europe & Asie centrale
TKM,Turkmenistan,Europe & Central Asia,Turkménistan,Europe & Asie centrale
TLS,Timor-Leste,East Asia & Pacific,Timor oriental,Asie de l'Est & Pacifique
TON,Tonga,East Asia & Pacific,Tonga,Asie de l'Est & Pacifique
TTO,Trinidad and Tobago,Latin America & Caribbean,Trinité-et-Tobago,Amerique latine & Caraibes
TUN,Tunisia,"Middle East, North Africa, Afghanistan & Pakistan",Tunisie,"Middle East, North Africa, Afghanistan & Pakistan"
TUR,Turkiye,Europe & Central Asia,Turquie,Europe & Asie centrale
TUV,Tuvalu,East Asia & Pacific,Tuvalu,Asie de l'Est & Pacifique
TZA,Tanzania,Sub-Saharan Africa,Tanzanie,Afrique subsaharienne
UGA,Uganda,Sub-Saharan Africa,Ouganda,Afrique subsaharienne
UKR,Ukraine,Europe & Central Asia,Ukraine,Europe & Asie centrale
URY,Uruguay,Latin America & Caribbean,Uruguay,Amerique latine & Caraibes
USA,United States,North America,États-Unis,North America
UZB,Uzbekistan,Europe & Central Asia,Ouzbékistan,Europe & Asie centrale
VCT,St. Vincent and the Grenadines,Latin America & Caribbean,Saint-Vincent-et-les Grenadines,Amerique latine & Caraibes
VEN,"Venezuela, RB",Latin America & Caribbean,Venezuela,Amerique latine & Caraibes
VGB,British Virgin Islands,Latin America & Caribbean,Îles Vierges britanniques,Amerique latine & Caraibes
VIR,Virgin Islands (U.S.),Latin America & Caribbean,Îles Vierges des États-Unis,Amerique latine & Caraibes
VNM,Viet Nam,East Asia & Pacific,Vietnam,Asie de l'Est & Pacifique
VUT,Vanuatu,East Asia & Pacific,Vanuatu,Asie de l'Est & Pacifique
WSM,Samoa,East Asia & Pacific,Samoa,Asie de l'Est & Pacifique
XKX,Kosovo,Europe & Central Asia,Kosovo,Europe & Asie centrale
YEM,"Yemen, Rep.","Middle East, North Africa, Afghanistan & Pakistan",Yémen,"Middle East, North Africa, Afghanistan & Pakistan"
ZAF,South Africa,Sub-Saharan Africa,Afrique du Sud,Afrique subsaharienne
ZMB,Zambia,Sub-Saharan Africa,Zambie,Afrique subsaharienne
ZWE,Zimbabwe,Sub-Saharan Africa,Zimbabwe,Afrique subsaharienne
