iso3,agency,rating,outlook,date_iso,category_en,category_fr,color_text,color_bg
ALB,S&P,BB,Stable,2025-03-21,Speculative,Speculatif,#687086,#e3e8ef
ALB,Moody's,B1,Stable,2024-10-19,Speculative,Speculatif,#785f71,#e9e7ed
ALB,Fitch,,,,Unrated,Non note,#64748b,#f1f5f9
AND,S&P,A-,Stable,2024-05-10,Investment grade,Investment grade,#4664ac,#dfe9f6
AND,Moody's,,,,Unrated,Non note,#64748b,#f1f5f9
AND,Fitch,A-,Stable,2025-04-04,Investment grade,Investment grade,#4664ac,#dfe9f6
AGO,S&P,B-,Stable,2022-02-04,Speculative,Speculatif,#884e5b,#eee5ea
AGO,Moody's,B3,Positive,2023-10-24,Speculative,Speculatif,#884e5b,#eee5ea
AGO,Fitch,B-,Stable,2025-11-14,Speculative,Speculatif,#884e5b,#eee5ea
ARG,S&P,B-,Stable,2026-06-10,Speculative,Speculatif,#884e5b,#eee5ea
ARG,Moody's,B3,Positive,2026-07-21,Speculative,Speculatif,#884e5b,#eee5ea
ARG,Fitch,B-,Stable,2026-05-05,Speculative,Speculatif,#884e5b,#eee5ea
ARM,S&P,BB-,Stable,2023-08-25,Speculative,Speculatif,#70677b,#e6e7ee
ARM,Moody's,Ba3,Stable,2023-06-22,Speculative,Speculatif,#70677b,#e6e7ee
ARM,Fitch,BB-,Positive,2026-01-16,Speculative,Speculatif,#70677b,#e6e7ee
ABW,S&P,BBB+,Stable,2025-03-24,Investment grade,Investment grade,#4c67a5,#e0e9f5
ABW,Moody's,,,,Unrated,Non note,#64748b,#f1f5f9
ABW,Fitch,BBB,Positive,2026-03-03,Investment grade,Investment grade,#536b9d,#e0e8f3
AUS,S&P,AAA,Stable,2003-02-16,Investment grade,Investment grade,#1d4ed8,#dbeafe
AUS,Moody's,Aaa,Stable,2022-06-28,Investment grade,Investment grade,#1d4ed8,#dbeafe
AUS,Fitch,AAA,Stable,2025-10-27,Investment grade,Investment grade,#1d4ed8,#dbeafe
AUT,S&P,AA+,Stable,2012-01-13,Investment grade,Investment grade,#2452d1,#dceafd
AUT,Moody's,Aa1,Stable,2023-02-24,Investment grade,Investment grade,#2452d1,#dceafd
AUT,Fitch,AA,Stable,2025-12-05,Investment grade,Investment grade,#2b55c9,#dceafb
AZE,S&P,BB+,Positive,2016-01-29,Speculative,Speculatif,#61728f,#e2e8f1
AZE,Moody's,Ba1,Stable,2022-08-05,Speculative,Speculatif,#61728f,#e2e8f1
AZE,Fitch,BBB-,Stable,2025-06-13,Investment grade,Investment grade,#5a6f96,#e1e8f2
BHS,S&P,BB-,Stable,2025-09-26,Speculative,Speculatif,#70677b,#e6e7ee
BHS,Moody's,B1,Stable,2022-10-06,Speculative,Speculatif,#785f71,#e9e7ed
BHS,Fitch,BB-,Stable,2025-04-09,Speculative,Speculatif,#70677b,#e6e7ee
BHR,S&P,B,Stable,2025-11-21,Speculative,Speculatif,#805766,#ebe6eb
BHR,Moody's,B2,Stable,2022-04-22,Speculative,Speculatif,#805766,#ebe6eb
BHR,Fitch,B,Stable,2026-02-23,Speculative,Speculatif,#805766,#ebe6eb
BGD,S&P,B+,Stable,2024-07-30,Speculative,Speculatif,#785f71,#e9e7ed
BGD,Moody's,B1,Stable,2023-05-30,Speculative,Speculatif,#785f71,#e9e7ed
BGD,Fitch,B+,Stable,2025-05-22,Speculative,Speculatif,#785f71,#e9e7ed
BRB,S&P,B+,Stable,2025-10-24,Speculative,Speculatif,#785f71,#e9e7ed
BRB,Moody's,B3,Stable,2023-08-03,Speculative,Speculatif,#884e5b,#eee5ea
BRB,Fitch,B+,Positive,2025-10-09,Speculative,Speculatif,#785f71,#e9e7ed
BEL,S&P,AA,Negative,2025-04-25,Investment grade,Investment grade,#2b55c9,#dceafb
BEL,Moody's,Aa3,Stable,2023-04-28,Investment grade,Investment grade,#3159c2,#dde9fa
BEL,Fitch,A+,Stable,2025-06-13,Investment grade,Investment grade,#385cbb,#dee9f9
BLZ,S&P,B-,Stable,2021-11-09,Speculative,Speculatif,#884e5b,#eee5ea
BLZ,Moody's,Caa2,Stable,2022-11-16,Speculative,Speculatif,#993e46,#f3e4e7
BLZ,Fitch,,,,Unrated,Non note,#64748b,#f1f5f9
BEN,S&P,BB-,Stable,2024-04-19,Speculative,Speculatif,#70677b,#e6e7ee
BEN,Moody's,B1,Stable,2023-09-18,Speculative,Speculatif,#785f71,#e9e7ed
BEN,Fitch,B+,Positive,2026-01-16,Speculative,Speculatif,#785f71,#e9e7ed
BMU,S&P,A+,Stable,2015-04-28,Investment grade,Investment grade,#385cbb,#dee9f9
BMU,Moody's,A2,Stable,2022-06-21,Investment grade,Investment grade,#3f60b3,#dee9f7
BMU,Fitch,,,,Unrated,Non note,#64748b,#f1f5f9
BOL,S&P,CCC+,Stable,2026-03-23,Speculative,Speculatif,#914651,#f1e5e9
BOL,Moody's,Caa1,Negative,2023-06-30,Speculative,Speculatif,#914651,#f1e5e9
BOL,Fitch,CCC,,2026-01-16,Speculative,Speculatif,#993e46,#f3e4e7
BIH,S&P,B+,Stable,2023-08-04,Speculative,Speculatif,#785f71,#e9e7ed
BIH,Moody's,B3,Stable,2022-07-22,Speculative,Speculatif,#884e5b,#eee5ea
BIH,Fitch,,,,Unrated,Non note,#64748b,#f1f5f9
BWA,S&P,BBB,Negative,2025-09-12,Investment grade,Investment grade,#536b9d,#e0e8f3
BWA,Moody's,A3,Stable,2023-10-27,Investment grade,Investment grade,#4664ac,#dfe9f6
BWA,Fitch,,,,Unrated,Non note,#64748b,#f1f5f9
BRA,S&P,BB,Stable,2023-12-19,Speculative,Speculatif,#687086,#e3e8ef
BRA,Moody's,Ba1,Positive,2024-10-07,Speculative,Speculatif,#61728f,#e2e8f1
BRA,Fitch,BB,Stable,2025-06-25,Speculative,Speculatif,#687086,#e3e8ef
BGR,S&P,BBB+,Stable,2025-07-10,Investment grade,Investment grade,#4c67a5,#e0e9f5
BGR,Moody's,Baa1,Stable,2023-02-03,Investment grade,Investment grade,#4c67a5,#e0e9f5
BGR,Fitch,BBB+,Stable,2025-07-10,Investment grade,Investment grade,#4c67a5,#e0e9f5
BFA,S&P,CCC+,Stable,2022-01-26,Speculative,Speculatif,#914651,#f1e5e9
BFA,Moody's,,,,Unrated,Non note,#64748b,#f1f5f9
BFA,Fitch,,,,Unrated,Non note,#64748b,#f1f5f9
CPV,S&P,B,Positive,2024-08-16,Speculative,Speculatif,#805766,#ebe6eb
CPV,Moody's,,,,Unrated,Non note,#64748b,#f1f5f9
CPV,Fitch,B,Stable,2025-05-13,Speculative,Speculatif,#805766,#ebe6eb
CMR,S&P,B-,Stable,2024-03-22,Speculative,Speculatif,#884e5b,#eee5ea
CMR,Moody's,Caa1,Stable,2023-07-27,Speculative,Speculatif,#914651,#f1e5e9
CMR,Fitch,B,Negative,2025-11-07,Speculative,Speculatif,#805766,#ebe6eb
CAN,S&P,AAA,Stable,2002-07-29,Investment grade,Investment grade,#1d4ed8,#dbeafe
CAN,Moody's,Aaa,Stable,2022-11-03,Investment grade,Investment grade,#1d4ed8,#dbeafe
CAN,Fitch,AA+,Stable,2025-07-18,Investment grade,Investment grade,#2452d1,#dceafd
TCD,S&P,B-,Stable,2024-10-28,Speculative,Speculatif,#884e5b,#eee5ea
TCD,Moody's,,,,Unrated,Non note,#64748b,#f1f5f9
TCD,Fitch,,,,Unrated,Non note,#64748b,#f1f5f9
CHL,S&P,A,Stable,2021-03-24,Investment grade,Investment grade,#3f60b3,#dee9f7
CHL,Moody's,A2,Stable,2022-09-15,Investment grade,Investment grade,#3f60b3,#dee9f7
CHL,Fitch,A-,Stable,2025-09-26,Investment grade,Investment grade,#4664ac,#dfe9f6
CHN,S&P,A+,Stable,2017-09-21,Investment grade,Investment grade,#385cbb,#dee9f9
CHN,Moody's,A1,Stable,2026-04-27,Investment grade,Investment grade,#385cbb,#dee9f9
CHN,Fitch,A,Stable,2025-04-03,Investment grade,Investment grade,#3f60b3,#dee9f7
COL,S&P,BB,Negative,2025-06-26,Speculative,Speculatif,#687086,#e3e8ef
COL,Moody's,Baa2,Stable,2023-06-08,Investment grade,Investment grade,#536b9d,#e0e8f3
COL,Fitch,BB,Stable,2025-12-16,Speculative,Speculatif,#687086,#e3e8ef
COK,S&P,B+,Positive,2020-11-11,Speculative,Speculatif,#785f71,#e9e7ed
COK,Moody's,,,,Unrated,Non note,#64748b,#f1f5f9
COK,Fitch,,,,Unrated,Non note,#64748b,#f1f5f9
CRI,S&P,BB,Stable,2025-10-22,Speculative,Speculatif,#687086,#e3e8ef
CRI,Moody's,Ba3,Positive,2024-09-18,Speculative,Speculatif,#70677b,#e6e7ee
CRI,Fitch,BB,Positive,2025-12-17,Speculative,Speculatif,#687086,#e3e8ef
CIV,S&P,BB,Stable,2024-10-18,Speculative,Speculatif,#687086,#e3e8ef
CIV,Moody's,Ba3,Positive,2022-06-27,Speculative,Speculatif,#70677b,#e6e7ee
CIV,Fitch,BB,Stable,2025-12-12,Speculative,Speculatif,#687086,#e3e8ef
HRV,S&P,A,Stable,2026-03-14,Investment grade,Investment grade,#3f60b3,#dee9f7
HRV,Moody's,A3,Stable,2024-11-07,Investment grade,Investment grade,#4664ac,#dfe9f6
HRV,Fitch,A-,Stable,2026-03-06,Investment grade,Investment grade,#4664ac,#dfe9f6
CUW,S&P,BBB-,Stable,2022-02-22,Investment grade,Investment grade,#5a6f96,#e1e8f2
CUW,Moody's,,,,Unrated,Non note,#64748b,#f1f5f9
CUW,Fitch,,,,Unrated,Non note,#64748b,#f1f5f9
CYP,S&P,A-,Positive,2026-03-20,Investment grade,Investment grade,#4664ac,#dfe9f6
CYP,Moody's,A3,Stable,2024-11-22,Investment grade,Investment grade,#4664ac,#dfe9f6
CYP,Fitch,A-,Positive,2025-11-21,Investment grade,Investment grade,#4664ac,#dfe9f6
CZE,S&P,AA-,Stable,2025-03-28,Investment grade,Investment grade,#3159c2,#dde9fa
CZE,Moody's,Aa3,Stable,2023-11-24,Investment grade,Investment grade,#3159c2,#dde9fa
CZE,Fitch,AA-,Stable,2026-02-06,Investment grade,Investment grade,#3159c2,#dde9fa
COD,S&P,B-,Stable,2022-01-28,Speculative,Speculatif,#884e5b,#eee5ea
COD,Moody's,B3,Stable,2022-11-11,Speculative,Speculatif,#884e5b,#eee5ea
COD,Fitch,,,,Unrated,Non note,#64748b,#f1f5f9
DNK,S&P,AAA,Stable,2026-02-06,Investment grade,Investment grade,#1d4ed8,#dbeafe
DNK,Moody's,Aaa,Stable,2022-02-11,Investment grade,Investment grade,#1d4ed8,#dbeafe
DNK,Fitch,AAA,Stable,2025-10-03,Investment grade,Investment grade,#1d4ed8,#dbeafe
DOM,S&P,BB,Stable,2022-12-19,Speculative,Speculatif,#687086,#e3e8ef
DOM,Moody's,Ba3,Positive,2023-08-10,Speculative,Speculatif,#70677b,#e6e7ee
DOM,Fitch,BB-,Positive,2025-11-07,Speculative,Speculatif,#70677b,#e6e7ee
ECU,S&P,B-,Stable,2020-09-01,Speculative,Speculatif,#884e5b,#eee5ea
ECU,Moody's,Caa3,Stable,2023-02-27,Speculative,Speculatif,#a1353c,#f6e4e6
ECU,Fitch,B-,Stable,2026-02-25,Speculative,Speculatif,#884e5b,#eee5ea
EGY,S&P,B,Stable,2025-10-10,Speculative,Speculatif,#805766,#ebe6eb
EGY,Moody's,Caa1,Negative,2024-01-18,Speculative,Speculatif,#914651,#f1e5e9
EGY,Fitch,B,Stable,2025-10-10,Speculative,Speculatif,#805766,#ebe6eb
SLV,S&P,B-,Stable,2023-11-07,Speculative,Speculatif,#884e5b,#eee5ea
SLV,Moody's,B3,Stable,2024-11-26,Speculative,Speculatif,#884e5b,#eee5ea
SLV,Fitch,B-,Stable,2025-04-30,Speculative,Speculatif,#884e5b,#eee5ea
EST,S&P,A+,Stable,2024-05-31,Investment grade,Investment grade,#385cbb,#dee9f9
EST,Moody's,A1,Stable,2022-04-29,Investment grade,Investment grade,#385cbb,#dee9f9
EST,Fitch,A+,Stable,2025-06-06,Investment grade,Investment grade,#385cbb,#dee9f9
ETH,S&P,SD,,2023-12-15,Default / withdrawn,Defaut / retire,#b91c1c,#fee2e2
ETH,Moody's,Caa3,Stable,2023-09-15,Speculative,Speculatif,#a1353c,#f6e4e6
ETH,Fitch,RD,,2025-10-17,Default / withdrawn,Defaut / retire,#b91c1c,#fee2e2
FLK,S&P,A+,Stable,2021-09-22,Investment grade,Investment grade,#385cbb,#dee9f9
FLK,Moody's,,,,Unrated,Non note,#64748b,#f1f5f9
FLK,Fitch,,,,Unrated,Non note,#64748b,#f1f5f9
FJI,S&P,B+,Stable,2021-09-22,Speculative,Speculatif,#785f71,#e9e7ed
FJI,Moody's,B1,Stable,2022-10-07,Speculative,Speculatif,#785f71,#e9e7ed
FJI,Fitch,,,,Unrated,Non note,#64748b,#f1f5f9
FIN,S&P,AA+,Stable,2014-10-10,Investment grade,Investment grade,#2452d1,#dceafd
FIN,Moody's,Aa1,Stable,2022-07-29,Investment grade,Investment grade,#2452d1,#dceafd
FIN,Fitch,AA,Stable,2025-07-25,Investment grade,Investment grade,#2b55c9,#dceafb
FRA,S&P,A+,Stable,2025-10-17,Investment grade,Investment grade,#385cbb,#dee9f9
FRA,Moody's,Aa3,Stable,2024-12-14,Investment grade,Investment grade,#3159c2,#dde9fa
FRA,Fitch,A+,Stable,2026-03-06,Investment grade,Investment grade,#385cbb,#dee9f9
GEO,S&P,BB,Stable,2019-10-11,Speculative,Speculatif,#687086,#e3e8ef
GEO,Moody's,Ba2,Negative,2022-04-28,Speculative,Speculatif,#687086,#e3e8ef
GEO,Fitch,BB,Stable,2025-11-21,Speculative,Speculatif,#687086,#e3e8ef
DEU,S&P,AAA,Stable,1983-08-17,Investment grade,Investment grade,#1d4ed8,#dbeafe
DEU,Moody's,Aaa,Stable,2023-02-10,Investment grade,Investment grade,#1d4ed8,#dbeafe
DEU,Fitch,AAA,Stable,2025-07-11,Investment grade,Investment grade,#1d4ed8,#dbeafe
GHA,S&P,B-,Stable,2025-11-07,Speculative,Speculatif,#884e5b,#eee5ea
GHA,Moody's,Caa3,Stable,2023-06-09,Speculative,Speculatif,#a1353c,#f6e4e6
GHA,Fitch,B-,Stable,2025-06-16,Speculative,Speculatif,#884e5b,#eee5ea
GRC,S&P,BBB,Stable,2025-04-18,Investment grade,Investment grade,#536b9d,#e0e8f3
GRC,Moody's,Baa3,Stable,2025-03-14,Investment grade,Investment grade,#5a6f96,#e1e8f2
GRC,Fitch,BBB,Stable,2025-11-14,Investment grade,Investment grade,#536b9d,#e0e8f3
GTM,S&P,BB+,Stable,2025-05-23,Speculative,Speculatif,#61728f,#e2e8f1
GTM,Moody's,Ba1,Stable,2022-06-15,Speculative,Speculatif,#61728f,#e2e8f1
GTM,Fitch,BB+,Stable,2025-10-14,Speculative,Speculatif,#61728f,#e2e8f1
GGY,S&P,A+,Stable,2023-01-13,Investment grade,Investment grade,#385cbb,#dee9f9
GGY,Moody's,,,,Unrated,Non note,#64748b,#f1f5f9
GGY,Fitch,,,,Unrated,Non note,#64748b,#f1f5f9
GIN,S&P,B+,Stable,2025-09-18,Speculative,Speculatif,#785f71,#e9e7ed
GIN,Moody's,,,,Unrated,Non note,#64748b,#f1f5f9
GIN,Fitch,,,,Unrated,Non note,#64748b,#f1f5f9
HND,S&P,BB-,Negative,2017-07-19,Speculative,Speculatif,#70677b,#e6e7ee
HND,Moody's,B1,Stable,2023-10-03,Speculative,Speculatif,#785f71,#e9e7ed
HND,Fitch,,,,Unrated,Non note,#64748b,#f1f5f9
HKG,S&P,AA+,Stable,2017-09-22,Investment grade,Investment grade,#2452d1,#dceafd
HKG,Moody's,Aa3,Negative,2023-12-06,Investment grade,Investment grade,#3159c2,#dde9fa
HKG,Fitch,AA-,Stable,2025-05-23,Investment grade,Investment grade,#3159c2,#dde9fa
HUN,S&P,BBB-,Negative,2025-04-11,Investment grade,Investment grade,#5a6f96,#e1e8f2
HUN,Moody's,Ba1,Negative,2025-12-30,Speculative,Speculatif,#61728f,#e2e8f1
HUN,Fitch,BBB,Negative,2025-12-05,Investment grade,Investment grade,#536b9d,#e0e8f3
ISL,S&P,A+,Positive,2026-03-06,Investment grade,Investment grade,#385cbb,#dee9f9
ISL,Moody's,A1,Stable,2024-09-19,Investment grade,Investment grade,#385cbb,#dee9f9
ISL,Fitch,WD,Ratings withdrawn,2026-02-06,Speculative,Speculatif,#64748b,#f1f5f9
IND,S&P,BBB,Stable,2025-08-14,Investment grade,Investment grade,#536b9d,#e0e8f3
IND,Moody's,Baa3,Stable,2023-08-18,Investment grade,Investment grade,#5a6f96,#e1e8f2
IND,Fitch,BBB-,Stable,2025-08-25,Investment grade,Investment grade,#5a6f96,#e1e8f2
IDN,S&P,BBB,Stable,2019-05-31,Investment grade,Investment grade,#536b9d,#e0e8f3
IDN,Moody's,Baa2,Negative,2026-02-05,Investment grade,Investment grade,#536b9d,#e0e8f3
IDN,Fitch,BBB,Negative,2026-03-04,Investment grade,Investment grade,#536b9d,#e0e8f3
IRQ,S&P,B-,Stable,2015-09-03,Speculative,Speculatif,#884e5b,#eee5ea
IRQ,Moody's,Caa1,Stable,2023-11-24,Speculative,Speculatif,#914651,#f1e5e9
IRQ,Fitch,B-,Stable,2025-11-24,Speculative,Speculatif,#884e5b,#eee5ea
IRL,S&P,AA+,Stable,2026-03-20,Investment grade,Investment grade,#2452d1,#dceafd
IRL,Moody's,Aa3,Stable,2023-04-21,Investment grade,Investment grade,#3159c2,#dde9fa
IRL,Fitch,AA,Stable,2025-11-07,Investment grade,Investment grade,#2b55c9,#dceafb
ISR,S&P,A,Stable,2024-10-01,Investment grade,Investment grade,#3f60b3,#dee9f7
ISR,Moody's,Baa1,Negative,2024-09-27,Investment grade,Investment grade,#4c67a5,#e0e9f5
ISR,Fitch,A,Negative,2025-03-31,Investment grade,Investment grade,#3f60b3,#dee9f7
ITA,S&P,BBB+,Stable,2025-04-11,Investment grade,Investment grade,#4c67a5,#e0e9f5
ITA,Moody's,Baa2,Stable,2025-11-21,Investment grade,Investment grade,#536b9d,#e0e8f3
ITA,Fitch,BBB+,Stable,2025-09-19,Investment grade,Investment grade,#4c67a5,#e0e9f5
JAM,S&P,BB,Stable,2025-09-25,Speculative,Speculatif,#687086,#e3e8ef
JAM,Moody's,B1,Positive,2023-10-18,Speculative,Speculatif,#785f71,#e9e7ed
JAM,Fitch,BB-,Stable,2026-02-05,Speculative,Speculatif,#70677b,#e6e7ee
JPN,S&P,A+,Stable,2015-09-16,Investment grade,Investment grade,#385cbb,#dee9f9
JPN,Moody's,A1,Stable,2023-11-08,Investment grade,Investment grade,#385cbb,#dee9f9
JPN,Fitch,A,Stable,2026-01-19,Investment grade,Investment grade,#3f60b3,#dee9f7
JEY,S&P,AA-,Stable,2021-01-16,Investment grade,Investment grade,#3159c2,#dde9fa
JEY,Moody's,,,,Unrated,Non note,#64748b,#f1f5f9
JEY,Fitch,,,,Unrated,Non note,#64748b,#f1f5f9
JOR,S&P,BB-,Stable,2024-09-06,Speculative,Speculatif,#70677b,#e6e7ee
JOR,Moody's,B1,Positive,2022-11-17,Speculative,Speculatif,#785f71,#e9e7ed
JOR,Fitch,BB-,Stable,2025-05-07,Speculative,Speculatif,#70677b,#e6e7ee
KAZ,S&P,BBB,Positive,2026-08-21,Investment grade,Investment grade,#536b9d,#e0e8f3
KAZ,Moody's,Baa1,Positive,2024-09-09,Investment grade,Investment grade,#4c67a5,#e0e9f5
KAZ,Fitch,BBB,Stable,2025-07-15,Investment grade,Investment grade,#536b9d,#e0e8f3
KEN,S&P,B,Stable,2025-08-22,Speculative,Speculatif,#805766,#ebe6eb
KEN,Moody's,B3,Negative,2023-07-28,Speculative,Speculatif,#884e5b,#eee5ea
KEN,Fitch,B-,Stable,2026-01-23,Speculative,Speculatif,#884e5b,#eee5ea
KWT,S&P,AA-,Stable,2025-11-21,Investment grade,Investment grade,#3159c2,#dde9fa
KWT,Moody's,A1,Stable,2022-05-26,Investment grade,Investment grade,#385cbb,#dee9f9
KWT,Fitch,AA-,Stable,2025-09-05,Investment grade,Investment grade,#3159c2,#dde9fa
KGZ,S&P,B+,Stable,2025-03-28,Speculative,Speculatif,#785f71,#e9e7ed
KGZ,Moody's,B3,Negative,2022-10-17,Speculative,Speculatif,#884e5b,#eee5ea
KGZ,Fitch,B,Stable,2025-04-24,Speculative,Speculatif,#805766,#ebe6eb
LAO,S&P,CCC+,Positive,2025-10-23,Speculative,Speculatif,#914651,#f1e5e9
LAO,Moody's,,,,Unrated,Non note,#64748b,#f1f5f9
LAO,Fitch,CCC+,,2025-10-21,Speculative,Speculatif,#914651,#f1e5e9
LVA,S&P,A,Stable,2024-05-31,Investment grade,Investment grade,#3f60b3,#dee9f7
LVA,Moody's,A3,Stable,2022-04-29,Investment grade,Investment grade,#4664ac,#dfe9f6
LVA,Fitch,A-,Stable,2025-11-07,Investment grade,Investment grade,#4664ac,#dfe9f6
LBN,S&P,SD,,2020-03-11,Default / withdrawn,Defaut / retire,#b91c1c,#fee2e2
LBN,Moody's,C,Stable,2023-12-13,Speculative,Speculatif,#b12427,#fbe3e3
LBN,Fitch,WD,Ratings withdrawn,2023-07-23,Speculative,Speculatif,#64748b,#f1f5f9
LIE,S&P,AAA,Stable,1996-12-02,Investment grade,Investment grade,#1d4ed8,#dbeafe
LIE,Moody's,,,,Unrated,Non note,#64748b,#f1f5f9
LIE,Fitch,,,,Unrated,Non note,#64748b,#f1f5f9
LTU,S&P,A,Stable,2024-05-31,Investment grade,Investment grade,#3f60b3,#dee9f7
LTU,Moody's,A2,Stable,2022-04-29,Investment grade,Investment grade,#3f60b3,#dee9f7
LTU,Fitch,A,Stable,2025-10-24,Investment grade,Investment grade,#3f60b3,#dee9f7
LUX,S&P,AAA,Stable,1994-04-28,Investment grade,Investment grade,#1d4ed8,#dbeafe
LUX,Moody's,Aaa,Stable,2023-03-17,Investment grade,Investment grade,#1d4ed8,#dbeafe
LUX,Fitch,AAA,Stable,2025-10-31,Investment grade,Investment grade,#1d4ed8,#dbeafe
MDG,S&P,B-,Negative,2022-04-11,Speculative,Speculatif,#884e5b,#eee5ea
MDG,Moody's,,,,Unrated,Non note,#64748b,#f1f5f9
MDG,Fitch,,,,Unrated,Non note,#64748b,#f1f5f9
MYS,S&P,A-,Stable,2025-09-19,Investment grade,Investment grade,#4664ac,#dfe9f6
MYS,Moody's,A3,Stable,2023-04-14,Investment grade,Investment grade,#4664ac,#dfe9f6
MYS,Fitch,BBB+,Stable,2025-12-08,Investment grade,Investment grade,#4c67a5,#e0e9f5
MLT,S&P,A-,Stable,2016-10-14,Investment grade,Investment grade,#4664ac,#dfe9f6
MLT,Moody's,A2,Stable,2022-11-18,Investment grade,Investment grade,#3f60b3,#dee9f7
MLT,Fitch,A+,Stable,2025-09-05,Investment grade,Investment grade,#385cbb,#dee9f9
MUS,S&P,BBB-,Stable,2023-07-21,Investment grade,Investment grade,#5a6f96,#e1e8f2
MUS,Moody's,Baa3,Stable,2022-07-28,Investment grade,Investment grade,#5a6f96,#e1e8f2
MUS,Fitch,,,,Unrated,Non note,#64748b,#f1f5f9
MEX,S&P,BBB,Stable,2020-03-26,Investment grade,Investment grade,#536b9d,#e0e8f3
MEX,Moody's,Baa2,Stable,2022-07-08,Investment grade,Investment grade,#536b9d,#e0e8f3
MEX,Fitch,BBB-,Stable,2025-04-16,Investment grade,Investment grade,#5a6f96,#e1e8f2
MDA,S&P,BB-,Stable,2025-10-10,Speculative,Speculatif,#70677b,#e6e7ee
MDA,Moody's,B2,Stable,2026-04-03,Speculative,Speculatif,#805766,#ebe6eb
MDA,Fitch,B+,Stable,2026-02-27,Speculative,Speculatif,#785f71,#e9e7ed
MNG,S&P,BB-,Stable,2025-10-30,Speculative,Speculatif,#70677b,#e6e7ee
MNG,Moody's,B3,Stable,2023-02-14,Speculative,Speculatif,#884e5b,#eee5ea
MNG,Fitch,B+,Stable,2025-09-01,Speculative,Speculatif,#785f71,#e9e7ed
MNE,S&P,B+,Stable,2024-08-30,Speculative,Speculatif,#785f71,#e9e7ed
MNE,Moody's,Ba3,Stable,2024-09-27,Speculative,Speculatif,#70677b,#e6e7ee
MNE,Fitch,,,,Unrated,Non note,#64748b,#f1f5f9
MSR,S&P,BBB-,Stable,2011-09-02,Investment grade,Investment grade,#5a6f96,#e1e8f2
MSR,Moody's,,,,Unrated,Non note,#64748b,#f1f5f9
MSR,Fitch,,,,Unrated,Non note,#64748b,#f1f5f9
MAR,S&P,BBB-,Stable,2025-09-26,Investment grade,Investment grade,#5a6f96,#e1e8f2
MAR,Moody's,Ba1,Positive,2026-03-06,Speculative,Speculatif,#61728f,#e2e8f1
MAR,Fitch,BB+,Stable,2025-09-29,Speculative,Speculatif,#61728f,#e2e8f1
MOZ,S&P,CCC+,Negative,2019-11-22,Speculative,Speculatif,#914651,#f1e5e9
MOZ,Moody's,Caa2,Stable,2023-09-22,Speculative,Speculatif,#993e46,#f3e4e7
MOZ,Fitch,CCC,,2025-01-30,Speculative,Speculatif,#993e46,#f3e4e7
NLD,S&P,AAA,Stable,2015-11-20,Investment grade,Investment grade,#1d4ed8,#dbeafe
NLD,Moody's,Aaa,Stable,2023-01-27,Investment grade,Investment grade,#1d4ed8,#dbeafe
NLD,Fitch,AAA,Stable,2026-01-16,Investment grade,Investment grade,#1d4ed8,#dbeafe
NZL,S&P,AA+,Stable,2021-02-21,Investment grade,Investment grade,#2452d1,#dceafd
NZL,Moody's,Aaa,Stable,2022-04-21,Investment grade,Investment grade,#1d4ed8,#dbeafe
NZL,Fitch,AA+,Stable,2025-08-17,Investment grade,Investment grade,#2452d1,#dceafd
NIC,S&P,B+,Stable,2024-10-23,Speculative,Speculatif,#785f71,#e9e7ed
NIC,Moody's,B3,Stable,2022-03-30,Speculative,Speculatif,#884e5b,#eee5ea
NIC,Fitch,B,Stable,2025-05-23,Speculative,Speculatif,#805766,#ebe6eb
NGA,S&P,B-,Positive,2020-03-26,Speculative,Speculatif,#884e5b,#eee5ea
NGA,Moody's,Caa1,Positive,2023-12-08,Speculative,Speculatif,#914651,#f1e5e9
NGA,Fitch,B,Stable,2025-10-10,Speculative,Speculatif,#805766,#ebe6eb
MKD,S&P,BB-,Stable,2013-05-24,Speculative,Speculatif,#70677b,#e6e7ee
MKD,Moody's,,,,Unrated,Non note,#64748b,#f1f5f9
MKD,Fitch,BB+,Stable,2025-09-19,Speculative,Speculatif,#61728f,#e2e8f1
NOR,S&P,AAA,Stable,1975-07-09,Investment grade,Investment grade,#1d4ed8,#dbeafe
NOR,Moody's,Aaa,Stable,2022-05-06,Investment grade,Investment grade,#1d4ed8,#dbeafe
NOR,Fitch,AAA,Stable,1995-03-13,Investment grade,Investment grade,#1d4ed8,#dbeafe
OMN,S&P,BBB-,Stable,2024-09-27,Investment grade,Investment grade,#5a6f96,#e1e8f2
OMN,Moody's,Baa3,Stable,2023-12-07,Investment grade,Investment grade,#5a6f96,#e1e8f2
OMN,Fitch,BBB-,Stable,2025-12-08,Investment grade,Investment grade,#5a6f96,#e1e8f2
PAK,S&P,B-,Stable,2025-07-24,Speculative,Speculatif,#884e5b,#eee5ea
PAK,Moody's,Caa1,Positive,2025-08-13,Speculative,Speculatif,#914651,#f1e5e9
PAK,Fitch,B-,Stable,2025-04-15,Speculative,Speculatif,#884e5b,#eee5ea
PAN,S&P,BBB-,Stable,2024-11-26,Investment grade,Investment grade,#5a6f96,#e1e8f2
PAN,Moody's,Baa3,Stable,2023-10-31,Investment grade,Investment grade,#5a6f96,#e1e8f2
PAN,Fitch,BB+,Stable,2024-03-28,Speculative,Speculatif,#61728f,#e2e8f1
PNG,S&P,B-,Stable,2020-04-29,Speculative,Speculatif,#884e5b,#eee5ea
PNG,Moody's,B2,Stable,2022-11-10,Speculative,Speculatif,#805766,#ebe6eb
PNG,Fitch,,,,Unrated,Non note,#64748b,#f1f5f9
PRY,S&P,BBB-,Stable,2025-12-17,Investment grade,Investment grade,#5a6f96,#e1e8f2
PRY,Moody's,Baa3,Stable,2024-07-26,Investment grade,Investment grade,#5a6f96,#e1e8f2
PRY,Fitch,BB+,Positive,2025-10-06,Speculative,Speculatif,#61728f,#e2e8f1
PER,S&P,BBB-,Stable,2024-04-25,Investment grade,Investment grade,#5a6f96,#e1e8f2
PER,Moody's,Baa1,Negative,2023-01-31,Investment grade,Investment grade,#4c67a5,#e0e9f5
PER,Fitch,BBB,Stable,2022-10-20,Investment grade,Investment grade,#536b9d,#e0e8f3
PHL,S&P,BBB+,Positive,2019-04-30,Investment grade,Investment grade,#4c67a5,#e0e9f5
PHL,Moody's,Baa2,Stable,2022-09-15,Investment grade,Investment grade,#536b9d,#e0e8f3
PHL,Fitch,BBB,Stable,2023-05-22,Investment grade,Investment grade,#536b9d,#e0e8f3
POL,S&P,A-,Stable,2018-10-12,Investment grade,Investment grade,#4664ac,#dfe9f6
POL,Moody's,A2,Stable,2022-04-29,Investment grade,Investment grade,#3f60b3,#dee9f7
POL,Fitch,A-,Negative,2025-09-05,Investment grade,Investment grade,#4664ac,#dfe9f6
PRT,S&P,A+,Stable,2025-08-29,Investment grade,Investment grade,#385cbb,#dee9f9
PRT,Moody's,A3,Stable,2023-11-17,Investment grade,Investment grade,#4664ac,#dfe9f6
PRT,Fitch,A,Stable,2025-09-12,Investment grade,Investment grade,#3f60b3,#dee9f7
QAT,S&P,AA,Stable,2022-11-04,Investment grade,Investment grade,#2b55c9,#dceafb
QAT,Moody's,Aa3,Positive,2022-11-02,Investment grade,Investment grade,#3159c2,#dde9fa
QAT,Fitch,AA,Stable,2024-03-20,Investment grade,Investment grade,#2b55c9,#dceafb
COG,S&P,CCC+,Stable,2024-10-30,Speculative,Speculatif,#914651,#f1e5e9
COG,Moody's,Caa2,Stable,2023-11-03,Speculative,Speculatif,#993e46,#f3e4e7
COG,Fitch,CCC+,,2022-09-16,Speculative,Speculatif,#914651,#f1e5e9
ROU,S&P,BBB-,Negative,2014-05-16,Investment grade,Investment grade,#5a6f96,#e1e8f2
ROU,Moody's,Baa3,Stable,2023-11-03,Investment grade,Investment grade,#5a6f96,#e1e8f2
ROU,Fitch,BBB-,Negative,2024-12-17,Investment grade,Investment grade,#5a6f96,#e1e8f2
RWA,S&P,B+,Stable,2019-08-09,Speculative,Speculatif,#785f71,#e9e7ed
RWA,Moody's,B2,Stable,2023-09-08,Speculative,Speculatif,#805766,#ebe6eb
RWA,Fitch,B+,Negative,2025-04-04,Speculative,Speculatif,#785f71,#e9e7ed
SHN,S&P,BBB-,Stable,2023-03-31,Investment grade,Investment grade,#5a6f96,#e1e8f2
SHN,Moody's,,,,Unrated,Non note,#64748b,#f1f5f9
SHN,Fitch,,,,Unrated,Non note,#64748b,#f1f5f9
SMR,S&P,BBB+,Stable,2025-08-01,Investment grade,Investment grade,#4c67a5,#e0e9f5
SMR,Moody's,,,,Unrated,Non note,#64748b,#f1f5f9
SMR,Fitch,BBB-,Positive,2025-12-12,Investment grade,Investment grade,#5a6f96,#e1e8f2
SAU,S&P,A+,Stable,2025-03-14,Investment grade,Investment grade,#385cbb,#dee9f9
SAU,Moody's,Aa3,Stable,2024-11-22,Investment grade,Investment grade,#3159c2,#dde9fa
SAU,Fitch,A+,Stable,2023-04-05,Investment grade,Investment grade,#385cbb,#dee9f9
SEN,S&P,CCC+,,2025-11-14,Speculative,Speculatif,#914651,#f1e5e9
SEN,Moody's,Ba3,Stable,2022-03-18,Speculative,Speculatif,#70677b,#e6e7ee
SEN,Fitch,,,,Unrated,Non note,#64748b,#f1f5f9
SRB,S&P,BBB-,Stable,2024-10-04,Investment grade,Investment grade,#5a6f96,#e1e8f2
SRB,Moody's,Ba2,Stable,2023-09-08,Speculative,Speculatif,#687086,#e3e8ef
SRB,Fitch,BB+,Positive,2024-08-09,Speculative,Speculatif,#61728f,#e2e8f1
SGP,S&P,AAA,Stable,1995-03-06,Investment grade,Investment grade,#1d4ed8,#dbeafe
SGP,Moody's,Aaa,Stable,2022-05-17,Investment grade,Investment grade,#1d4ed8,#dbeafe
SGP,Fitch,AAA,Stable,2003-05-14,Investment grade,Investment grade,#1d4ed8,#dbeafe
SVK,S&P,A,Negative,2026-04-24,Investment grade,Investment grade,#3f60b3,#dee9f7
SVK,Moody's,A3,Stable,2024-12-13,Investment grade,Investment grade,#4664ac,#dfe9f6
SVK,Fitch,A-,Stable,2024-12-06,Investment grade,Investment grade,#4664ac,#dfe9f6
SVN,S&P,AA,Stable,2025-06-06,Investment grade,Investment grade,#2b55c9,#dceafb
SVN,Moody's,A2,Stable,2026-02-27,Investment grade,Investment grade,#3f60b3,#dee9f7
SVN,Fitch,A+,Stable,2025-10-03,Investment grade,Investment grade,#385cbb,#dee9f9
ZAF,S&P,BB,Positive,2025-11-14,Speculative,Speculatif,#687086,#e3e8ef
ZAF,Moody's,Ba2,Stable,2022-04-01,Speculative,Speculatif,#687086,#e3e8ef
ZAF,Fitch,BB-,Stable,2021-12-15,Speculative,Speculatif,#70677b,#e6e7ee
KOR,S&P,AA,Stable,2016-08-08,Investment grade,Investment grade,#2b55c9,#dceafb
KOR,Moody's,Aa2,Stable,2022-04-21,Investment grade,Investment grade,#2b55c9,#dceafb
KOR,Fitch,AA-,Stable,2012-09-06,Investment grade,Investment grade,#3159c2,#dde9fa
ESP,S&P,A+,Stable,2025-09-12,Investment grade,Investment grade,#385cbb,#dee9f9
ESP,Moody's,A3,Positive,2025-09-27,Investment grade,Investment grade,#4664ac,#dfe9f6
ESP,Fitch,A,Stable,2025-09-26,Investment grade,Investment grade,#3f60b3,#dee9f7
LKA,S&P,CCC+,Stable,2025-09-19,Speculative,Speculatif,#914651,#f1e5e9
LKA,Moody's,Caa1,Positive,2024-12-23,Speculative,Speculatif,#914651,#f1e5e9
LKA,Fitch,CCC+,Positive,2024-12-20,Speculative,Speculatif,#914651,#f1e5e9
SUR,S&P,CCC+,Stable,2023-12-06,Speculative,Speculatif,#914651,#f1e5e9
SUR,Moody's,Caa3,Stable,2023-02-17,Speculative,Speculatif,#a1353c,#f6e4e6
SUR,Fitch,WD,Ratings withdrawn,2022-01-25,Speculative,Speculatif,#64748b,#f1f5f9
SWE,S&P,AAA,Stable,2004-02-16,Investment grade,Investment grade,#1d4ed8,#dbeafe
SWE,Moody's,Aaa,Stable,2022-03-25,Investment grade,Investment grade,#1d4ed8,#dbeafe
SWE,Fitch,AAA,Stable,2004-03-08,Investment grade,Investment grade,#1d4ed8,#dbeafe
CHE,S&P,AAA,Stable,1988-10-01,Investment grade,Investment grade,#1d4ed8,#dbeafe
CHE,Moody's,Aaa,Stable,2023-02-17,Investment grade,Investment grade,#1d4ed8,#dbeafe
CHE,Fitch,AAA,Stable,1994-08-10,Investment grade,Investment grade,#1d4ed8,#dbeafe
TWN,S&P,AA+,Stable,2022-04-29,Investment grade,Investment grade,#2452d1,#dceafd
TWN,Moody's,Aa3,Stable,2022-09-22,Investment grade,Investment grade,#3159c2,#dde9fa
TWN,Fitch,AA,Stable,2021-09-10,Investment grade,Investment grade,#2b55c9,#dceafb
TJK,S&P,B,Stable,2024-08-16,Speculative,Speculatif,#805766,#ebe6eb
TJK,Moody's,B3,Stable,2023-10-12,Speculative,Speculatif,#884e5b,#eee5ea
TJK,Fitch,,,,Unrated,Non note,#64748b,#f1f5f9
THA,S&P,BBB+,Stable,2004-08-26,Investment grade,Investment grade,#4c67a5,#e0e9f5
THA,Moody's,Baa1,Stable,2022-04-07,Investment grade,Investment grade,#4c67a5,#e0e9f5
THA,Fitch,BBB+,Negative,2025-09-24,Investment grade,Investment grade,#4c67a5,#e0e9f5
TGO,S&P,B+,Stable,2025-04-18,Speculative,Speculatif,#785f71,#e9e7ed
TGO,Moody's,,,,Unrated,Non note,#64748b,#f1f5f9
TGO,Fitch,,,,Unrated,Non note,#64748b,#f1f5f9
TTO,S&P,BBB-,Negative,2020-03-26,Investment grade,Investment grade,#5a6f96,#e1e8f2
TTO,Moody's,Ba2,Positive,2023-07-10,Speculative,Speculatif,#687086,#e3e8ef
TTO,Fitch,,,,Unrated,Non note,#64748b,#f1f5f9
TUR,S&P,BB-,Stable,2024-11-01,Speculative,Speculatif,#70677b,#e6e7ee
TUR,Moody's,B1,Positive,2024-07-19,Speculative,Speculatif,#785f71,#e9e7ed
TUR,Fitch,BB-,Stable,2024-09-06,Speculative,Speculatif,#70677b,#e6e7ee
TCA,S&P,A-,Stable,2025-02-26,Investment grade,Investment grade,#4664ac,#dfe9f6
TCA,Moody's,,,,Unrated,Non note,#64748b,#f1f5f9
TCA,Fitch,,,,Unrated,Non note,#64748b,#f1f5f9
UGA,S&P,B-,Positive,2023-10-06,Speculative,Speculatif,#884e5b,#eee5ea
UGA,Moody's,B2,Negative,2022-11-18,Speculative,Speculatif,#805766,#ebe6eb
UGA,Fitch,B,Stable,2024-08-30,Speculative,Speculatif,#805766,#ebe6eb
UKR,S&P,CCC+,Stable,2026-01-22,Speculative,Speculatif,#914651,#f1e5e9
UKR,Moody's,Ca,Stable,2023-02-10,Speculative,Speculatif,#a92d31,#f9e3e5
UKR,Fitch,CCC,,2025-12-22,Speculative,Speculatif,#993e46,#f3e4e7
ARE,S&P,AA,Stable,2007-07-02,Investment grade,Investment grade,#2b55c9,#dceafb
ARE,Moody's,Aa2,Stable,2023-03-21,Investment grade,Investment grade,#2b55c9,#dceafb
ARE,Fitch,AA-,Stable,2020-11-11,Investment grade,Investment grade,#3159c2,#dde9fa
GBR,S&P,AA,Stable,2016-06-27,Investment grade,Investment grade,#2b55c9,#dceafb
GBR,Moody's,Aa3,Stable,2023-10-20,Investment grade,Investment grade,#3159c2,#dde9fa
GBR,Fitch,AA-,Stable,2024-03-22,Investment grade,Investment grade,#3159c2,#dde9fa
USA,S&P,AA+,Stable,2011-08-05,Investment grade,Investment grade,#2452d1,#dceafd
USA,Moody's,Aa1,Stable,2025-05-16,Investment grade,Investment grade,#2452d1,#dceafd
USA,Fitch,AA+,Stable,2023-08-01,Investment grade,Investment grade,#2452d1,#dceafd
URY,S&P,BBB+,Stable,2023-04-26,Investment grade,Investment grade,#4c67a5,#e0e9f5
URY,Moody's,Baa1,Stable,2024-03-15,Investment grade,Investment grade,#4c67a5,#e0e9f5
URY,Fitch,BBB,Stable,2023-06-07,Investment grade,Investment grade,#536b9d,#e0e8f3
UZB,S&P,BB,Stable,2025-11-21,Speculative,Speculatif,#687086,#e3e8ef
UZB,Moody's,Ba3,Stable,2023-01-20,Speculative,Speculatif,#70677b,#e6e7ee
UZB,Fitch,BB,Stable,2025-06-26,Speculative,Speculatif,#687086,#e3e8ef
VNM,S&P,BB+,Stable,2022-05-26,Speculative,Speculatif,#61728f,#e2e8f1
VNM,Moody's,Ba2,Stable,2022-09-06,Speculative,Speculatif,#687086,#e3e8ef
VNM,Fitch,BB+,Stable,2023-12-08,Speculative,Speculatif,#61728f,#e2e8f1
ZMB,S&P,CCC+,Stable,2025-11-21,Speculative,Speculatif,#914651,#f1e5e9
ZMB,Moody's,Caa3,Stable,2022-10-21,Speculative,Speculatif,#a1353c,#f6e4e6
ZMB,Fitch,B-,Stable,2025-11-28,Speculative,Speculatif,#884e5b,#eee5ea
BLR,S&P,,,,Unrated,Non note,#64748b,#f1f5f9
BLR,Moody's,C,Stable,2023-06-02,Speculative,Speculatif,#b12427,#fbe3e3
BLR,Fitch,WD,Ratings withdrawn,2023-10-06,Speculative,Speculatif,#64748b,#f1f5f9
KHM,S&P,,,,Unrated,Non note,#64748b,#f1f5f9
KHM,Moody's,B2,Negative,2022-11-15,Speculative,Speculatif,#805766,#ebe6eb
KHM,Fitch,,,,Unrated,Non note,#64748b,#f1f5f9
CYM,S&P,,,,Unrated,Non note,#64748b,#f1f5f9
CYM,Moody's,Aa3,Stable,2023-06-08,Investment grade,Investment grade,#3159c2,#dde9fa
CYM,Fitch,,,,Unrated,Non note,#64748b,#f1f5f9
CUB,S&P,,,,Unrated,Non note,#64748b,#f1f5f9
CUB,Moody's,Ca,Ratings withdrawn,2021-11-18,Speculative,Speculatif,#a92d31,#f9e3e5
CUB,Fitch,,,,Unrated,Non note,#64748b,#f1f5f9
SWZ,S&P,,,,Unrated,Non note,#64748b,#f1f5f9
SWZ,Moody's,B3,Positive,2023-12-01,Speculative,Speculatif,#884e5b,#eee5ea
SWZ,Fitch,,,,Unrated,Non note,#64748b,#f1f5f9
GAB,S&P,,,,Unrated,Non note,#64748b,#f1f5f9
GAB,Moody's,Caa1,Negative,2023-09-12,Speculative,Speculatif,#914651,#f1e5e9
GAB,Fitch,CCC-,,2025-12-19,Speculative,Speculatif,#a1353c,#f6e4e6
IMN,S&P,,,,Unrated,Non note,#64748b,#f1f5f9
IMN,Moody's,Aa3,Stable,2023-10-27,Investment grade,Investment grade,#3159c2,#dde9fa
IMN,Fitch,,,,Unrated,Non note,#64748b,#f1f5f9
MAC,S&P,,,,Unrated,Non note,#64748b,#f1f5f9
MAC,Moody's,Aa3,Negative,2022-12-06,Investment grade,Investment grade,#3159c2,#dde9fa
MAC,Fitch,AA,Stable,2026-02-11,Investment grade,Investment grade,#2b55c9,#dceafb
MDV,S&P,,,,Unrated,Non note,#64748b,#f1f5f9
MDV,Moody's,Caa2,Stable,2024-09-11,Speculative,Speculatif,#993e46,#f3e4e7
MDV,Fitch,CC,,2025-06-12,Speculative,Speculatif,#a92d31,#f9e3e5
MLI,S&P,,,,Unrated,Non note,#64748b,#f1f5f9
MLI,Moody's,Caa2,Stable,2022-09-09,Speculative,Speculatif,#993e46,#f3e4e7
MLI,Fitch,,,,Unrated,Non note,#64748b,#f1f5f9
NAM,S&P,,,,Unrated,Non note,#64748b,#f1f5f9
NAM,Moody's,B1,Stable,2022-04-05,Speculative,Speculatif,#785f71,#e9e7ed
NAM,Fitch,BB-,Stable,2025-11-21,Speculative,Speculatif,#70677b,#e6e7ee
RUS,S&P,,,,Unrated,Non note,#64748b,#f1f5f9
RUS,Moody's,Ca,Ratings withdrawn,2022-03-06,Speculative,Speculatif,#a92d31,#f9e3e5
RUS,Fitch,WD,Ratings withdrawn,2022-03-25,Speculative,Speculatif,#64748b,#f1f5f9
VCT,S&P,,,,Unrated,Non note,#64748b,#f1f5f9
VCT,Moody's,B3,Stable,2022-03-01,Speculative,Speculatif,#884e5b,#eee5ea
VCT,Fitch,,,,Unrated,Non note,#64748b,#f1f5f9
TUN,S&P,,,,Unrated,Non note,#64748b,#f1f5f9
TUN,Moody's,Caa1,Stable,2025-02-28,Speculative,Speculatif,#914651,#f1e5e9
TUN,Fitch,B-,Stable,2025-09-12,Speculative,Speculatif,#884e5b,#eee5ea
VEN,S&P,,,,Unrated,Non note,#64748b,#f1f5f9
VEN,Moody's,C,Ratings withdrawn,2018-03-09,Speculative,Speculatif,#b12427,#fbe3e3
VEN,Fitch,,,,Unrated,Non note,#64748b,#f1f5f9
LSO,S&P,,,,Unrated,Non note,#64748b,#f1f5f9
LSO,Moody's,,,,Unrated,Non note,#64748b,#f1f5f9
LSO,Fitch,B,Stable,2025-06-09,Speculative,Speculatif,#805766,#ebe6eb
NPL,S&P,,,,Unrated,Non note,#64748b,#f1f5f9
NPL,Moody's,,,,Unrated,Non note,#64748b,#f1f5f9
NPL,Fitch,BB-,Stable,2025-11-18,Speculative,Speculatif,#70677b,#e6e7ee
SYC,S&P,,,,Unrated,Non note,#64748b,#f1f5f9
SYC,Moody's,,,,Unrated,Non note,#64748b,#f1f5f9
SYC,Fitch,BB,Stable,2025-09-05,Speculative,Speculatif,#687086,#e3e8ef
TZA,S&P,,,,Unrated,Non note,#64748b,#f1f5f9
TZA,Moody's,,,,Unrated,Non note,#64748b,#f1f5f9
TZA,Fitch,B+,Stable,2023-06-09,Speculative,Speculatif,#785f71,#e9e7ed
TKM,S&P,,,,Unrated,Non note,#64748b,#f1f5f9
TKM,Moody's,,,,Unrated,Non note,#64748b,#f1f5f9
TKM,Fitch,BB-,Stable,2024-08-02,Speculative,Speculatif,#70677b,#e6e7ee
